66,-55,-71,45,-28,69,-3,-50,-59,-22,84,21,76,45,-87,26,-14,-3,22,49,-6,75,34,50,68,
-62,20,-82,-29,-83,-45,-71,9,25,71,63,-3,26,52,65,79,-54,-26,-88,95,-60,81,-28,8,-13,
1,9,-97,80,-8,-2,30,-18,59,-94,17,-51,-44,35,-52,25,42,-88,6,66,-53,-56,81,77,47,
79,-25,69,0,90,61,-30,4,-2,-58,-9,39,-77,51,73,-86,-93,-11,-44,-73,71,64,42,77,-29,
31,4,-1,-97,-87,83,2,-2,-2,49,88,-64,77,-27,-59,-52,-44,-40,-26,-91,-57,-26,-53,-89,22,
-91,-90,-97,-66,73,72,54,-48,18,5,-24,37,-37,70,-11,53,31,-6,38,-74,-100,-4,6,99,-98,
-10,70,-93,-15,94,93,-55,-54,-78,-88,-15,69,27,57,-97,-29,-53,-87,-96,71,-3,73,82,-62,57,
-98,2,80,93,-30,12,11,11,-37,-31,-10,66,-70,-86,-11,77,-67,-34,43,-93,76,-13,7,-37,99,
-43,21,-44,87,37,-51,87,-13,49,-46,-53,-30,83,55,49,91,26,54,26,-91,55,79,-62,66,86,
-53,-66,19,-26,76,-47,0,24,52,-49,41,-16,-3,-47,-25,11,81,21,5,45,23,-28,37,-82,-25,
-22,-52,77,73,39,-34,-21,51,55,5,-81,-21,67,44,-31,-84,-6,-35,72,16,90,63,31,66,99,
-83,-92,44,64,45,-96,44,-11,60,-45,72,89,-55,-61,37,-6,-3,-95,-51,-74,-86,98,69,81,-1,
41,-86,55,0,-91,-94,28,-17,-15,11,69,43,6,-49,25,44,81,10,-60,-97,-24,-99,75,-29,-92,
-55,-80,-13,-46,93,90,-71,6,-74,68,1,-77,-19,28,30,38,-73,-61,96,10,5,-35,-98,72,-84,
45,71,32,22,82,-69,-10,87,-4,35,85,77,-76,15,76,52,-8,49,-99,73,7,32,-23,-93,25,
62,-100,51,-19,-97,-40,98,76,84,34,28,-14,98,-95,97,-88,64,-16,15,30,-39,41,25,-6,-80,
3,14,-45,-25,38,53,54,-24,-16,-62,-54,54,43,37,-70,-31,-95,-14,65,92,48,-9,92,77,16,
-26,5,-73,-43,16,-46,16,-84,-93,-54,-4,97,26,61,-14,0,-92,62,68,-57,18,54,16,5,46,
-18,-44,-52,-75,-6,-92,-35,27,41,-59,-8,-85,4,97,-97,-37,60,-47,-86,-99,2,-37,25,-35,-45,
58,-41,62,92,48,-21,43,17,-40,-78,82,-22,-97,-95,-55,0,46,68,49,-94,34,60,64,-89,-39,
34,-75,-70,73,-88,-29,-98,69,-100,-6,-88,89,-57,-85,-47,-61,-31,-34,83,50,57,27,23,-7,15,
78,72,-39,-76,-55,-89,58,-6,38,41,-37,-25,26,-27,-83,-29,15,-34,29,26,32,7,-69,56,57,
10,10,60,-86,28,30,30,-74,-34,94,62,18,74,44,42,5,84,16,-98,-83,-5,-54,-52,-40,-97,
-70,89,22,-72,-64,-28,43,15,18,37,54,86,29,39,-49,-5,99,-65,-17,9,-5,-22,76,-47,-84,
73,19,-9,-21,-54,60,81,-9,13,80,-61,-74,60,-21,100,59,66,-94,-59,62,-44,27,97,-70,-97,
-47,64,-52,-13,-10,-68,81,-2,-13,90,22,-22,-64,88,38,63,62,-69,-19,-86,82,-79,73,-5,-19,
-95,66,68,33,45,70,-42,-36,93,-83,-95,-42,73,-93,-85,73,59,-7,-96,-41,-4,84,-95,-84,-83,
18,62,71,-57,-12,76,-18,-6,-51,-2,4,-86,-24,-8,91,83,26,74,-52,-21,88,-39,-74,5,-20,
84,25,-9,64,77,-52,-12,54,7,-15,-91,-69,76,-21,-60,-100,-5,-70,71,92,49,57,-96,73,28,
96,72,-62,-61,66,-92,79,-99,-46,72,-63,-17,15,13,-39,58,15,-92,-79,-84,79,-95,77,-83,26,
1,-34,58,42,22,-91,74,61,63,33,22,-6,-42,-32,59,-38,-74,-82,59,-29,8,0,73,22,61,
22,-59,36,-42,-1,73,38,31,77,0,42,73,59,-51,71,57,22,3,-31,36,53,-66,-57,42,61,
15,32,46,50,30,28,43,-99,5,57,53,80,67,-21,86,17,-41,-33,6,-6,-27,3,-36,-56,-29,
-66,-3,-44,-43,-15,75,37,-19,32,74,-86,70,-23,-61,-12,46,94,80,99,51,10,25,39,-46,-96,
53,100,-25,3,38,76,-7,-6,-57,20,6,-63,59,-28,2,67,33,-24,-80,37,-17,-70,79,-22,12,
-77,-19,30,35,9,-97,5,88,1,-25,95,-25,-29,-81,-97,54,-90,-87,-36,-69,55,-86,74,-11,-71,
-72,8,64,64,72,99,-73,19,-73,19,-61,13,-72,-59,-17,-25,-22,-25,-55,-10,91,55,48,-20,-98,
-39,-13,67,-66,87,-2,55,32,-23,-63,-30,-62,-78,72,1,-15,51,-90,-14,77,-51,-93,32,-24,56,
-73,-76,-79,70,-40,82,-24,-58,-41,44,81,42,0,-25,45,-21,92,-95,74,3,-52,-61,-44,0,11,
-68,-2,76,53,69,-30,-73,-76,-100,41,98,0,43,34,90,-78,-64,100,4,89,-41,72,-1,73,10,
-1,-63,-97,-62,11,-38,-20,-81,-66,-90,22,-47,-60,83,89,-65,52,66,18,45,-99,-11,67,18,-21,
94,65,45,94,-10,64,-58,48,-51,87,86,79,30,50,-29,5,89,-18,78,44,-43,-72,-26,-2,-66,
63,-45,-68,20,-87,-5,66,80,12,72,27,-71,70,-54,-36,88,-1,-36,75,-20,55,77,-35,16,37,
36,-48,28,-84,-27,6,9,-10,18,-82,22,-18,-2,-81,-22,0,-74,4,82,65,-15,-4,-7,-73,35,
-100,58,-76,2,62,-87,62,-17,24,-15,-65,65,75,48,-89,-52,25,29,-95,37,72,72,-73,47,-64,
10,37,-79,98,24,-88,92,27,-17,23,64,53,42,-43,5,67,-49,76,26,4,-64,1,82,92,80,
-47,-65,-82,-76,-74,45,-12,95,-3,-3,71,60,-50,75,2,-2,-91,60,-70,89,-36,83,78,84,20,
70,57,52,-15,-14,-98,-68,-10,-69,27,68,-91,83,-64,-61,90,77,23,10,78,-35,1,-63,-41,-35,
-90,95,-1,57,32,24,-26,97,65,95,47,-36,-37,71,-47,-98,-39,-57,88,-31,-57,98,61,29,66,
-51,-5,84,-60,40,-2,25,-38,79,-45,40,-58,71,-58,-89,-23,66,58,-16,-35,6,-35,4,82,8,
17,62,-37,78,-64,-29,-78,-37,-77,19,36,-16,-8,17,-26,-86,-38,-16,-78,57,0,7,88,-99,75,
40,-58,73,52,95,69,-56,26,-17,-88,22,52,-86,82,62,-10,66,29,-34,20,-36,-7,1,-73,-61,
65,4,49,17,-39,7,71,-60,-78,72,-86,-38,-46,88,73,-3,-80,15,39,57,58,-89,-89,-60,-97,
-5,-71,-32,9,33,-31,21,80,-74,32,-80,-56,-42,-81,38,-33,-99,-3,95,89,-40,-29,-42,2,62,
73,-15,99,31,44,-98,73,88,-15,-16,10,-30,93,63,-53,-44,-72,79,-79,-62,-25,-77,9,97,-51,
47,68,-35,-87,48,55,-98,-81,-79,50,-95,36,-42,-96,82,4,-76,-22,1,8,40,74,-72,5,70,
94,-58,52,68,27,-8,-93,2,-64,-61,45,4,24,-62,-51,86,-88,-30,-1,19,-32,90,75,52,-79,
5,86,68,-31,36,-4,57,-26,-70,41,-20,12,55,-48,-65,-93,28,96,-63,3,-52,-56,42,-34,52,
-72,87,-79,-75,23,98,24,-31,-98,-29,72,-65,-6,1,-56,40,-57,-44,90,38,87,-34,-43,-4,70,
-28,-10,22,-78,65,30,-63,-4,56,66,33,-96,-27,-100,94,33,87,-97,-17,-28,-89,20,41,75,51,
61,-52,48,14,-15,81,-29,47,-10,-77,11,-53,-16,-50,-66,81,-61,15,-59,-91,-88,97,-22,-72,67,
67,6,-16,94,-40,-58,89,-43,-4,-15,-57,-1,-76,4,24,-80,-76,-65,18,-14,2,-98,62,-11,-69,
-52,33,-17,-76,84,87,14,68,-64,-63,-24,99,49,46,-73,96,23,-37,17,42,61,13,-49,-75,53,
52,-51,49,94,-94,72,-3,38,73,-13,-99,3,48,76,23,-68,-22,-31,56,-90,-26,-32,-43,-12,61,
-56,29,-26,-41,-82,-61,-48,48,11,-68,-41,-58,31,-68,-77,5,-23,31,-2,89,-52,-41,39,-85,-16,
-93,2,43,-4,28,71,49,15,99,60,88,56,-36,-47,-58,63,-38,-7,23,10,-10,-96,-25,-61,43,
85,-7,-55,-15,-75,-88,-60,47,74,-29,69,71,-42,-60,-41,11,30,-87,-44,-33,-79,39,72,45,26,
-78,-7,10,88,65,-59,45,60,51,-94,2,-26,75,-83,-42,40,85,-14,-1,40,-66,89,-71,42,64,
-99,7,75,32,68,98,-77,-72,-27,63,-96,-23,-7,-94,83,-82,-78,22,-80,85,-68,23,-65,64,99,
-60,-56,91,-47,-29,-39,61,21,79,-36,-12,66,-40,-48,-25,3,-26,-49,22,71,64,-64,19,65,-44,
20,18,-34,-98,57,3,-57,63,97,100,64,-13,28,64,-32,80,-55,78,7,-4,0,19,29,74,89,
22,-58,99,-17,99,-66,10,-66,-38,-82,48,3,21,-14,-73,-100,-94,-54,-73,71,-69,-74,59,20,-43,
85,-70,6,9,-60,-10,-50,-88,-49,-16,12,-20,64,-50,36,10,68,95,17,-62,-57,54,52,-78,55,
-55,25,-64,-66,-12,-32,57,-61,90,-49,1,-77,-85,-78,-87,62,13,31,16,86,-78,73,57,55,28,
21,47,-93,66,-82,86,12,-13,64,97,-16,6,-95,-76,-63,-30,61,17,68,-37,29,52,13,91,34,
-12,11,-2,-27,-24,-84,89,50,93,-95,40,3,26,-37,59,16,20,-97,-2,-20,-40,-30,-37,-89,-65,
-76,91,-70,99,25,4,35,-85,-86,71,-6,-2,-52,-57,-71,61,-93,-55,-76,-94,-35,42,-97,-43,92,
40,-63,-83,37,55,-95,-6,-68,-70,-9,-45,-35,65,-38,-55,-10,-73,-95,16,-29,53,-45,73,-80,81,
-70,-64,-26,-20,-79,-83,1,30,33,-57,94,-14,-11,-31,78,26,100,66,-18,-79,73,17,-41,-82,-60,
-12,19,-55,-31,28,83,2,32,10,28,16,25,51,-25,-16,12,37,-56,33,-47,-91,-70,-28,-89,66,
79,0,-13,48,44,66,-41,29,-15,47,75,14,-59,0,65,-96,-75,47,70,-18,-79,-33,-67,92,-6,
52,26,54,-29,20,97,10,11,11,22,-54,-3,50,-14,47,88,61,-89,-39,-71,71,-32,64,99,33,
7,22,53,-5,-41,-40,-62,-4,-22,100,80,29,5,96,-16,-17,65,-2,4,-52,68,4,95,-94,68,
10,32,-25,59,38,-16,74,-71,69,52,18,-5,53,-30,86,44,7,-78,90,-6,53,15,-77,-11,-26,
-19,54,-10,-61,69,-39,-55,-22,48,-95,-49,-87,87,-61,20,-51,-40,-82,-56,53,-72,-36,-2,61,-47,
-63,67,85,-59,-12,56,73,49,83,31,-86,-30,-1,65,-4,-12,32,-18,95,-61,-34,6,94,45,2,
55,74,-93,3,88,-49,13,-13,69,-71,50,-8,13,68,3,-26,-88,-96,-20,-3,-23,78,71,57,88,
20,10,3,70,94,30,-53,94,81,51,-65,84,-25,-15,-81,-36,-36,57,29,-20,7,-88,75,-8,35,
-69,82,66,65,9,56,70,-57,4,-64,1,9,63,-56,0,4,-77,46,82,-46,-97,75,100,-62,-52,
20,26,-44,10,-35,1,-2,63,91,96,69,39,-35,79,-9,56,-96,68,99,93,-50,27,-42,59,-58,
-78,-26,-25,-51,-96,41,-24,81,35,-57,13,-81,74,-33,-77,-72,-37,73,41,-83,-68,35,-22,-60,-22,
-57,-68,-72,57,66,26,73,9,37,-7,-88,-63,-49,17,73,74,-43,88,14,-22,-50,61,-9,-58,-72,
53,15,42,-61,97,-91,-45,-90,-64,-44,-45,-67,89,79,48,-65,-82,-36,55,-18,-18,7,-72,87,40,
57,78,-75,-47,-79,-26,76,78,-94,37,-68,-67,-28,4,47,-90,-34,-2,27,-76,-45,90,-55,-96,-37,
35,39,-7,-4,8,-80,4,-73,-49,33,23,-52,7,-99,-71,50,93,-58,84,43,44,12,-19,-96,89,
5,-69,-69,82,-18,-11,-97,-76,-69,58,54,67,-20,-95,-17,-55,-14,98,48,-68,-33,77,-71,-4,60,
47,-29,-64,4,60,-22,-48,46,61,-43,82,31,77,4,87,4,12,-11,-68,26,-82,-75,30,-5,-96,
-10,-29,82,-27,-45,-64,-30,87,27,-32,-89,-92,60,-92,41,70,-73,-18,-59,-9,0,-30,15,62,6,
13,35,-95,82,87,-46,10,13,-3,86,86,22,65,58,-94,-4,88,-39,48,89,-14,-77,56,0,-10,
-5,20,-49,-14,82,91,-61,61,53,-3,52,56,2,91,-80,75,42,11,99,33,27,-45,38,97,100,
-32,-68,-48,-35,23,-2,69,30,71,-9,0,29,16,-47,4,-23,-50,13,13,-65,52,-81,-79,28,33,
74,8,-46,32,-44,43,-91,92,-67,43,67,11,-36,-11,49,-69,-97,-63,-48,16,-79,46,55,-100,-55,
-2,-54,-22,-26,41,-15,-66,-65,59,-50,43,19,15,-32,80,-28,-43,-46,-35,97,43,-18,-14,36,-51,
-20,-48,-80,-72,-40,-53,-33,-12,-27,-20,-49,82,29,-70,-42,74,0,45,7,-56,39,-67,72,-5,-78,
-77,36,7,-21,82,39,92,-39,-91,-91,63,-51,-77,78,8,-87,-78,86,-87,-46,-35,72,45,-25,89,
54,-91,-6,60,-91,71,-6,40,86,33,9,-48,-2,17,40,-68,-37,-77,-68,-96,-72,-8,3,100,28,
-23,6,86,37,-15,61,12,61,-13,93,12,24,-39,13,-79,79,24,35,-50,-68,32,-40,-12,-49,10,
74,-96,-58,-64,-36,94,-27,58,52,-31,-48,69,14,66,-90,-28,24,-44,28,-24,7,55,-16,47,57,
-18,-6,-37,-89,15,20,-25,-80,-53,-44,-7,12,-23,15,31,-40,-69,70,-59,79,52,5,78,-48,-42,
64,-20,-59,1,-91,-21,-31,89,-70,34,49,-100,-93,-32,-4,-5,-80,-35,-20,-2,-19,-77,-69,-57,43,
64,42,-9,44,15,-61,97,-21,70,-18,73,31,89,-13,-98,47,17,60,98,81,92,-70,-12,72,-13,
13,65,0,12,-7,69,83,27,40,48,-62,-49,-36,48,23,57,-92,-67,-62,-52,-4,-18,-12,78,45,
69,-6,27,-53,-59,3,55,-83,59,39,71,-61,15,42,38,-48,44,58,46,68,47,-23,-39,77,-23,
99,-64,62,29,-91,5,-95,-84,68,-23,-100,16,-86,-3,87,96,83,17,89,12,10,42,-42,24,15,
62,46,-31,-91,-42,-11,-68,27,23,-37,33,-75,-21,-1,-5,-51,-31,57,-20,-83,93,-21,66,79,55,
-70,94,-7,57,19,-94,-17,60,19,-15,-53,84,69,-56,38,85,95,100,96,31,-69,-93,-19,-21,28,
52,56,-69,-23,78,-77,-37,-100,-39,41,-58,74,-59,52,21,-4,-52,40,37,76,-17,-51,-89,82,4,
-14,-68,-64,-69,8,69,-42,-59,35,-33,44,-72,-34,-68,87,-2,-31,-61,-79,5,-33,-11,-77,-12,33,
-40,-11,-70,69,44,-83,-73,24,30,93,-17,-53,-59,49,-42,76,66,59,16,-44,-3,-39,22,28,-14,
-94,46,-97,60,69,47,-67,0,-21,-14,-75,47,71,74,68,14,-94,-91,35,57,-49,76,70,48,-40,
-2,-51,-81,4,-66,-91,62,39,72,-22,-80,42,-77,30,95,-4,-85,95,-87,3,10,-71,-77,-46,-31,
93,23,-65,14,-94,-27,-92,-18,-33,12,45,53,-89,-99,29,-14,41,-51,60,-42,-34,6,-56,-93,10,
-90,-83,52,59,-4,38,-64,-75,40,-67,-73,-92,75,-45,5,11,18,93,100,-71,34,98,67,-85,-34,
-69,19,64,-36,79,-78,-29,-98,-94,-95,30,-55,-68,-48,-26,-75,7,7,-16,77,-57,7,-72,-72,97,
14,58,-92,-50,93,2,-67,-95,33,93,-36,-68,-47,95,17,-7,65,-10,84,17,-53,67,90,38,-12,
-61,-30,2,-56,39,56,34,82,30,-75,-14,63,43,-88,26,-24,48,-73,67,82,47,29,-87,-84,-41,
-73,43,49,-34,-60,-51,-70,62,66,-26,-67,-47,-7,78,-20,4,63,-90,16,-54,-26,-1,99,-78,-47,
57,93,-72,8,-61,93,-52,-52,25,-73,-38,41,87,96,-98,55,-1,93,-90,-66,-97,-61,88,-87,35,
91,72,64,30,11,-61,-52,-3,76,-100,-35,-46,-59,66,97,-71,-28,-28,49,47,99,42,10,65,-76,
56,-20,65,-77,-30,-45,-63,-16,28,12,9,-93,-80,93,-11,-48,44,-82,60,32,4,-65,-67,-56,21,
-97,54,-92,97,-24,19,75,-66,-5,11,79,87,41,1,-49,20,-90,-26,0,70,-21,4,80,65,11,
33,-12,65,-13,-68,-74,-10,-5,84,-78,-38,-93,58,-52,-23,63,-29,98,34,73,-31,61,-23,-19,-79,
-62,-47,92,26,-76,-54,-8,27,-44,2,-15,15,-12,-51,-14,95,-13,51,-46,11,98,7,89,-59,-98,
-72,35,76,33,69,6,-13,41,-22,-93,-35,28,86,65,62,-6,-87,-41,90,3,93,-90,98,-2,54,
29,65,63,-24,-4,-77,94,-37,-74,90,-17,-52,-99,35,14,70,-7,64,-20,-77,-78,-44,1,5,5,
22,80,-31,80,-13,89,-89,89,-78,-57,-15,72,72,-82,51,-9,43,-48,97,-43,-33,-75,-89,-35,-91,
35,-34,-78,-37,66,-9,93,-14,45,69,-90,-95,5,-99,32,63,15,27,9,-48,4,70,-6,-34,-57,
-20,16,-22,-24,-29,98,-56,-3,56,45,34,6,-81,-84,17,91,-59,-88,31,20,35,74,79,79,-87,
-51,-10,61,-50,-86,-42,45,67,72,-13,-29,90,0,-61,83,63,78,-64,-22,-57,-74,-75,-79,-68,-52,
85,25,-76,32,-89,60,-68,63,-2,51,11,65,15,50,-91,-97,-74,-66,12,34,5,59,98,-1,63,
-79,10,-45,74,71,49,-96,67,66,-99,83,78,78,24,41,31,73,31,-67,-9,78,29,79,-61,77,
-74,-43,-32,-34,89,34,80,83,43,-76,-94,-87,-63,-68,-32,61,-33,93,75,-67,-48,-81,-73,-78,76,
-43,71,-14,-36,99,-55,62,2,-98,94,-96,19,52,-29,-79,-53,-57,-10,-3,-52,-2,51,-89,-67,-41,
-55,-100,89,59,26,55,57,13,-78,-76,33,3,62,-77,73,82,64,60,45,-59,80,89,-43,47,17,
69,58,8,-43,-18,0,28,59,-56,89,72,64,-69,57,-58,65,93,1,75,39,19,28,-71,1,-55,
61,31,31,93,4,15,-91,-25,81,-62,45,93,79,-76,-44,41,-61,-8,62,19,68,42,10,-60,-41,
53,63,4,-44,-80,-91,-16,-49,30,-87,92,-19,87,-61,-93,-67,96,-60,20,-61,58,65,24,-62,42,
-24,73,59,-14,-25,-42,69,-61,-91,-73,-69,-23,99,-51,96,-80,-9,70,73,-42,56,13,96,-75,-79,
4,12,-58,-84,85,-98,-45,53,-84,60,-75,68,19,56,75,20,5,-93,48,78,-51,-6,-33,65,31,
35,67,67,5,22,53,76,83,-83,89,-1,-9,5,33,-65,9,-94,0,-15,-82,27,95,-17,63,-43,
-72,-9,-73,-39,-24,-28,94,-11,-80,37,97,91,76,76,-87,-60,-94,-97,-74,91,8,-21,15,77,94,
51,-3,90,-34,32,6,22,-99,13,97,87,-26,-59,-56,17,-100,-16,-28,-32,-65,-9,83,-67,45,-99,
29,-26,-100,78,53,66,-100,1,-73,82,-98,-2,10,1,-27,-14,93,3,-60,-79,-17,-79,25,0,-62,
54,-7,57,-51,-76,27,-75,59,61,-24,82,49,-35,-29,-38,78,66,4,-64,-12,-46,-76,78,-37,40,
-48,-78,-54,30,-83,-90,-90,-16,-19,90,23,97,25,27,-29,4,-12,-61,23,82,39,-65,34,-21,77,
2,-71,-10,60,-82,-25,-80,85,-64,-92,-76,51,11,31,31,9,54,39,67,-60,-62,61,-67,-63,75,
26,45,10,-87,-38,99,83,-56,-92,-81,-26,65,-95,0,-23,8,-36,-92,44,52,72,-5,-99,-27,50,
-3,-40,5,60,23,12,43,-91,75,42,-95,-32,64,-81,-36,-18,-99,12,-56,-97,44,-100,94,41,51,
-77,-64,-83,-51,81,-49,-26,3,-73,31,12,-76,29,-83,100,-21,85,-99,-51,-43,-83,80,86,-53,49,
-30,-65,98,-3,-25,87,16,54,22,86,-13,-63,-75,13,36,-12,43,53,94,27,5,1,55,58,-62,
-50,53,-65,53,-22,-34,-90,-7,-54,53,13,98,-99,-23,-30,-58,-78,1,49,-8,22,17,-7,14,8,
88,53,99,53,-74,-54,-99,47,-36,-92,86,-58,18,-31,-78,-36,-51,-44,-34,-23,4,33,71,-7,32,
-75,-44,-4,-43,-60,8,4,41,-59,-49,-29,-9,25,-59,3,16,1,-33,74,68,76,-19,-36,75,52,
81,87,95,38,9,-57,-5,66,7,-86,58,12,-69,-55,75,-45,88,91,-9,-51,-86,89,10,16,96,
75,-11,-30,34,22,93,-84,66,94,-20,-5,-26,53,-33,30,15,51,60,47,-89,-48,86,51,95,88,
-49,-58,89,31,-28,-3,-7,-7,-84,27,-55,-17,-66,85,34,44,12,-33,-50,62,16,-21,5,88,-24,
-21,-25,-33,56,65,42,-95,40,78,-17,73,-17,-99,-91,-34,-97,70,-88,-77,-41,-48,9,-17,-60,23,
45,96,-69,32,8,50,-92,41,11,72,1,-72,-20,69,97,-35,12,61,50,-95,9,-47,26,-58,-71,
-32,24,-32,-23,65,64,-7,55,7,-50,-17,-26,91,-31,87,-28,72,-7,-9,-71,-8,32,93,-30,-96,
57,-68,42,28,-4,81,-74,-94,81,54,42,-77,-83,62,-7,-92,82,-60,83,-1,-37,38,21,88,18,
86,35,-80,94,53,-86,-5,-45,-83,13,8,62,-8,38,69,-22,-94,64,-59,-8,41,77,91,-75,-73,
48,6,93,96,20,-72,-53,-10,18,33,10,-10,45,-39,92,91,24,45,23,0,96,-16,93,42,-1,
-63,85,35,13,-86,-1,-97,-74,15,69,23,-59,52,-40,89,-60,17,-61,30,33,-22,-41,-49,62,-100,
90,77,55,73,16,70,-19,-13,-17,98,-93,49,-49,43,80,31,-18,-12,-50,67,-77,35,18,-2,57,
70,38,-89,53,-46,72,86,96,55,-13,50,-37,-53,-59,72,30,15,70,77,-72,93,73,-38,-94,97,
92,-19,-27,95,-98,9,-6,-85,-19,21,-10,92,67,83,55,77,-82,74,-2,-68,-25,-38,70,91,90,
100,-62,78,-11,22,35,16,98,-81,48,61,48,100,-37,20,-97,-53,34,-64,-80,78,32,-90,-77,5,
-27,-47,-95,-74,83,-95,57,11,65,94,-25,3,-37,94,-87,9,81,40,-95,87,-17,-36,36,-2,92,
-21,-94,-13,2,72,66,-49,88,74,-21,-30,-57,79,8,-39,71,-57,-42,53,-42,73,27,27,-5,8,
-97,-90,1,-43,46,-67,50,33,63,-64,19,44,4,-9,-36,-6,21,7,68,-53,14,-43,13,-38,89,
-86,58,-51,31,-46,98,-52,-96,-43,-96,-89,-49,-6,99,-78,-46,79,-72,-85,-17,12,-66,81,-39,-90,
34,58,41,-67,41,-68,52,-70,28,25,-21,12,87,42,94,56,76,92,11,19,87,45,-40,-79,-12,
22,-57,-7,2,-72,-68,89,3,-30,57,73,4,-8,16,8,-70,96,-21,-10,53,4,99,36,-48,-7,
-72,74,-86,-83,11,-2,83,83,22,-4,62,-28,30,-50,-5,75,-37,-8,-52,35,91,-16,61,-48,30,
11,95,-28,-60,-46,70,-61,-14,-96,-84,97,-97,40,-51,8,-86,-52,96,62,-8,89,-23,72,-84,-22,
-27,44,-81,73,-54,3,92,89,-72,31,-39,44,6,-86,-7,59,-87,31,-92,88,89,-41,-71,41,-28,
89,4,-97,58,62,-23,43,-34,30,-57,-98,-49,8,56,-81,11,45,38,-26,-32,9,-36,31,75,34,
54,71,-5,11,-91,-83,-68,89,57,0,30,-49,50,71,7,40,-61,-73,-90,-3,-4,-80,61,34,75,
-69,-25,-2,-49,-82,-10,-54,16,-37,23,-80,-62,-84,65,35,-56,-29,-8,72,-3,92,-45,32,-70,-55,
-39,-65,16,-51,-17,42,74,-88,83,-4,73,-80,1,69,25,4,-37,12,-36,-78,79,-99,-97,-2,-54,
59,52,-52,95,16,28,28,-52,32,82,71,-47,59,41,97,-40,29,87,24,-58,-27,73,59,-88,-48,
-32,12,62,39,0,-100,87,-10,-54,-21,-36,4,87,-39,86,-54,-51,-99,54,91,-32,-81,-52,-60,-40,
44,42,-53,-53,84,-45,99,-61,49,-65,0,6,-56,-85,2,-61,2,0,91,-2,49,42,-72,-26,61,
55,-87,-3,-70,-21,-82,89,60,43,-87,-34,-70,-17,-10,-55,44,0,-71,18,-100,-64,45,-32,69,-86,
-69,-9,71,24,-83,76,94,70,97,18,1,74,96,-99,88,13,27,-69,17,30,-92,-82,-1,66,-80,
73,16,99,76,-9,-90,-65,99,-21,17,38,-30,72,-5,42,-5,-58,68,0,-69,31,-41,93,52,-63,
-78,90,-72,27,22,37,-35,5,77,43,90,-46,6,-76,54,-44,10,58,-4,21,13,2,73,-39,25,
60,62,-42,-63,78,-35,-99,-47,-97,-8,70,23,-25,31,96,91,65,-60,-98,-48,64,-73,-59,-34,9,
72,95,5,-27,37,-20,-48,90,79,21,-12,-21,45,92,-56,35,-22,-54,80,15,-15,17,-34,-21,45,
-29,-11,-77,-28,80,90,-42,17,44,17,-21,-2,44,93,31,-18,-93,-21,-65,73,-14,65,-44,31,65,
-53,61,-67,-82,-4,-13,-23,56,-64,-56,-73,-73,51,83,47,-100,-33,5,62,75,14,-25,-90,5,-100,
92,83,-28,-33,-78,100,63,-33,-61,68,3,1,-86,-48,-29,-6,-55,-49,-41,-90,85,85,-70,8,-25,
-26,-37,-78,25,-5,83,-46,-74,74,-23,-7,-38,-76,-33,31,74,-25,-92,23,-7,93,47,-14,-44,75,
-2,66,34,-99,59,-19,62,7,-85,-91,20,-12,-62,8,-40,60,-3,21,-94,-9,-73,-49,72,-47,-40,
74,-93,90,45,-73,73,-48,-28,49,-87,-84,54,-35,-77,4,-42,-3,-3,63,22,-16,47,40,45,-86,
-24,-17,-24,22,38,36,46,95,43,45,-72,-63,30,-94,95,43,-14,79,-14,55,-23,53,-55,22,3,
-98,72,2,1,-94,8,-32,16,42,-35,-59,35,-21,54,64,52,55,-3,-77,-97,-89,-35,-98,18,-1,
40,-11,-15,-21,-26,19,-10,-5,85,-97,-30,73,70,7,-68,-11,87,-19,-64,-40,78,-89,9,-72,-83,
-94,-18,-38,57,96,76,-27,-50,-41,43,65,-95,81,-28,-80,93,46,-78,-63,-66,-74,-20,-3,12,-40,
23,77,100,-62,46,52,83,71,68,94,-44,-7,70,-47,-1,-90,25,80,-14,84,-40,0,-72,-41,-7,
-88,35,-61,-95,-79,-36,17,-39,-84,27,44,-80,23,9,60,-17,84,-43,85,-67,56,81,89,24,-49,
88,84,56,82,-12,-19,-4,5,69,64,-72,-63,-32,92,-64,29,-90,51,15,99,-42,38,24,52,-52,
-61,-7,-79,-77,-39,-88,38,32,-84,23,-11,-3,-86,-63,-4,34,-33,39,34,-25,-60,69,-39,-28,46,
-29,54,58,4,63,-9,50,-56,-79,-89,93,94,-65,-62,-1,40,-21,62,-89,-8,44,-23,-3,1,38,
-86,-82,-67,23,-2,-46,-38,51,46,-12,-81,47,-98,58,38,39,-96,-61,3,78,-86,-90,-88,54,48,
24,79,58,-61,90,-57,30,-96,-61,17,-43,19,34,-70,-61,62,71,87,99,6,-75,21,-11,85,29,
63,-76,43,46,72,-39,50,16,30,-20,13,56,-21,-38,-39,55,15,75,5,67,21,66,51,-77,-7,
-49,9,-93,9,-30,22,-23,-70,78,-67,-58,49,-43,-82,96,34,-70,-29,28,-58,28,97,-66,-3,49,
19,-72,5,-77,96,-36,57,-96,48,-13,-30,-64,-53,5,-69,-73,-28,20,30,1,-10,51,60,20,66,
-8,39,4,50,-79,-23,55,-21,-56,-44,4,-26,85,87,-96,86,-76,50,-95,-22,5,-80,80,-16,94,
6,47,93,-74,-11,81,42,-68,91,52,-76,20,-54,-14,-45,26,72,-18,-47,75,-8,40,-63,30,76,
-9,22,-23,90,81,-23,-42,70,48,-73,70,9,-46,35,-18,-43,-37,-27,17,-36,-34,-32,-21,-17,-33,
-71,-40,-89,-79,53,9,-90,-18,95,-27,58,7,38,-88,51,87,24,-98,33,-5,-16,89,22,10,-5,
75,0,96,-1,-19,-12,-3,-4,46,-65,74,-34,-11,-27,54,15,-87,-88,-4,-24,5,-57,-32,76,3,
85,-21,-60,-71,-40,-9,-15,8,-21,50,-40,-77,22,-94,56,21,53,-92,-36,-90,19,25,-97,-86,69,
95,17,22,-70,44,-8,80,60,-72,88,10,30,39,-3,37,-79,8,-74,-28,94,39,21,68,-58,16,
23,0,-15,45,20,-18,-2,99,84,92,-3,37,39,-63,-99,93,5,-98,-69,-39,-98,12,-1,34,-32,
4,24,-26,-6,91,31,29,46,-34,33,-20,0,20,-88,-43,87,35,-14,10,39,99,3,38,-5,-86,
45,4,67,73,-27,42,61,-1,42,-96,-4,83,0,-88,42,18,26,26,-71,-96,69,-74,-47,-69,-56,
31,7,-38,74,5,2,5,44,-3,-29,-66,56,-46,79,-91,73,82,77,32,-35,74,-60,-43,40,16,
-33,70,90,75,56,-73,19,-24,12,-38,-17,17,-53,-29,20,-36,4,-58,-96,4,27,97,54,55,-91,
-49,-55,97,1,-49,64,-80,9,-35,87,47,-14,70,85,92,53,-72,67,7,-43,96,-98,71,-7,-28,
32,30,-42,-69,32,-18,-14,48,-92,-51,68,20,82,78,51,71,-34,-17,86,21,-75,29,-27,-23,13,
0,2,3,-74,90,-41,36,4,1,-34,65,-70,83,30,-68,57,-39,-53,-90,-54,14,-66,-13,80,-19,
-48,-97,-52,50,44,-80,-39,-94,29,79,47,-100,65,-17,59,-96,-72,-79,-84,-91,-82,43,90,79,4,
78,-15,-40,5,-27,-46,-18,21,-18,-3,-99,18,100,77,-72,60,5,-38,6,29,20,54,54,66,53,
-78,-28,76,-72,3,36,-30,64,-61,-3,-58,22,27,-61,-33,10,-50,-92,72,-65,-63,22,-18,51,68,
-69,86,60,89,53,53,-86,24,74,-85,-59,70,-41,-84,-74,54,45,1,-71,5,-93,76,-69,-26,-8,
58,-95,56,-26,53,-22,-20,-7,15,0,8,92,100,-39,71,91,-92,-14,-45,-19,98,12,-72,-12,-11,
-3,69,74,-60,-64,-50,45,93,-67,57,-60,43,-88,-63,4,67,-25,-77,-7,79,8,76,30,4,31,
-38,-61,57,-60,-20,-8,92,33,-81,-93,31,70,67,45,-85,14,-15,-66,100,70,-31,43,48,39,-76,
44,-21,-42,-95,-74,73,69,-87,92,-50,-81,78,57,31,-19,62,-56,31,55,-69,-83,23,-58,25,-59,
-2,97,47,-93,63,-72,54,70,1,-94,-26,56,2,55,-88,55,-69,35,-87,-44,91,-93,-30,-57,51,
-41,-7,40,81,-21,54,79,13,-72,1,89,-85,95,18,-97,-24,51,4,53,-87,81,94,17,60,-90,
64,69,56,-93,-90,-13,-37,81,-57,92,-42,28,-1,28,73,100,-84,-71,61,22,-31,-8,84,32,-30,
87,86,-21,44,-24,-32,-54,-12,-51,23,18,30,-8,7,76,73,98,-66,89,33,16,87,-24,46,43,
-83,-85,-81,47,94,-72,72,94,-6,-85,-26,-8,-1,-70,-44,-17,36,62,-94,12,66,52,53,23,-6,
-20,71,-28,-41,87,-94,29,84,-23,-78,88,95,-61,91,17,-86,-90,-91,24,56,72,-78,85,26,36,
-81,-35,17,-86,83,99,-24,33,-43,-27,76,-66,-62,94,67,49,-3,-28,11,61,72,57,86,54,16,
-73,72,66,-27,-26,39,-16,78,-6,-43,-83,-44,59,21,5,-44,-75,17,100,99,65,-96,-63,8,-79,
-50,-47,38,19,-19,88,-85,-62,93,-30,75,65,-85,21,17,96,-6,19,-15,-41,73,-26,-26,33,-46,
72,67,-32,66,-33,94,-10,38,62,81,-68,-40,-10,30,-85,74,26,43,5,-97,-71,-45,-57,62,95,
-41,99,-78,87,46,91,-76,32,-63,92,-74,-89,-95,-79,32,10,39,64,-93,-74,53,18,-3,-72,-38,
-54,-76,-32,23,-25,-90,-43,-96,-72,64,46,49,-16,78,-44,71,10,-62,98,-21,95,79,15,-55,-4,
58,-98,69,-2,-97,-6,-71,-82,76,-54,46,-24,-81,-68,-81,-86,-63,4,-74,0,8,69,34,-90,-31,
96,36,71,-51,64,67,12,17,32,-64,-81,-17,-63,44,-39,38,-90,51,69,74,82,27,-13,-68,95,
-7,-58,10,-26,-51,14,28,24,-96,24,-89,-36,-91,33,6,-47,76,-1,48,-69,-28,41,-91,-43,27,
-93,24,-55,-8,40,-13,65,2,-83,17,-68,-18,47,-76,100,77,64,-66,-40,20,68,-39,72,-85,69,
-4,-65,64,99,-46,92,-36,78,-90,78,-92,-82,39,-99,-8,-30,-87,63,-13,75,55,-58,82,3,-20,
-86,0,68,-97,39,98,-37,21,2,86,48,76,-80,42,47,65,50,51,-36,18,54,-8,-8,-73,-4,
-61,22,23,-14,-58,19,82,-34,-84,39,-37,64,92,-68,9,-43,11,3,-49,-56,43,25,75,46,-4,
37,61,-45,59,73,1,-100,34,4,39,-65,63,92,98,-57,77,10,74,61,-40,-84,-28,55,24,-6,
43,81,-80,67,85,24,63,-51,97,38,-73,-67,-7,-91,63,3,58,28,-23,59,-39,-37,-2,-36,-78,
-76,97,-41,-64,2,84,-18,19,85,-4,-3,-48,-70,11,-20,59,-6,87,-54,51,-83,-91,1,-16,56,
-4,37,9,78,-6,65,-81,-48,-47,-21,-99,69,-97,-3,-93,3,50,-80,46,19,-24,47,78,37,-80,
-60,71,33,-79,-95,78,-78,60,2,92,-92,50,-45,27,79,-7,-25,-40,9,79,82,-49,72,49,54,
-8,23,-54,62,-62,-97,-75,-57,30,55,-93,-10,73,24,-17,3,-27,83,-78,-1,0,-78,35,-2,-58,
66,45,-50,-1,-95,-84,92,-33,41,-71,-11,-74,-92,93,-48,52,-60,-96,-35,-61,-34,-82,69,-80,1,
77,-57,91,85,23,-3,12,-53,-21,16,1,23,-63,47,-59,68,-28,93,-64,-13,-35,52,41,58,71,
23,25,90,-50,-96,-94,-87,92,-75,-35,-38,-11,-60,49,28,-77,28,-62,-87,-92,-68,-88,43,7,-67,
63,43,-87,3,-41,79,-95,15,74,51,-38,41,28,68,4,-53,87,-32,-16,56,74,21,66,-82,3,
97,-34,-50,47,90,60,5,-34,-16,-68,83,16,7,80,-8,75,-50,39,53,-71,27,-68,100,5,59,
-94,97,9,83,-70,-79,66,68,76,-64,3,78,-74,24,-41,-32,-44,-57,-48,93,-38,-66,-92,-35,-74,
97,-67,4,75,99,-91,-76,-96,-18,-61,81,85,-54,98,88,-71,-44,-31,74,67,50,24,-80,-100,22,
87,-19,94,99,48,-62,-51,16,88,-40,-58,-76,56,80,-84,2,55,0,50,75,75,55,-88,8,81,
14,70,68,53,76,-88,-76,54,-89,10,-3,68,60,72,52,-34,33,73,-23,86,-74,-60,-42,-11,-45,
-70,8,33,-19,-10,30,-47,-83,-22,48,59,-2,-92,99,9,-24,16,-3,-39,-34,60,41,-70,17,-88,
-77,-70,11,-10,-87,-54,-100,99,-60,-35,41,93,5,-6,18,-60,66,74,-99,18,-6,-75,50,100,-100,
-36,-75,4,57,-99,-74,-99,-31,6,1,-19,-73,-78,89,40,91,-88,-75,-18,-18,75,-59,19,6,56,
-82,-99,7,-47,-72,63,-6,-67,-62,38,-60,-53,-82,-91,-79,46,-86,-98,-47,-37,-23,22,-57,-100,-77,
21,-65,41,-5,78,16,-64,-82,-55,7,72,70,26,86,25,34,6,-77,-89,-14,-73,75,-83,13,69,
-33,64,-8,1,62,-82,57,12,-2,-69,9,-76,-99,82,58,-29,-98,7,66,-46,-45,-100,-79,-13,-59,
79,19,-26,-61,80,-55,-92,-37,61,-21,15,-42,40,93,-52,-25,-24,89,-66,21,-65,98,11,90,91,
-97,66,90,-40,43,-26,-57,19,-64,36,-61,28,64,-21,29,-84,-37,-33,-72,93,53,-69,-66,-38,-87,
74,-32,88,51,-31,95,86,10,4,87,-41,-19,91,38,75,30,39,4,-77,82,26,79,-14,56,-60,
-98,17,-41,49,37,-23,53,63,61,64,-19,84,83,100,-59,-11,46,-92,13,80,-64,-26,36,49,87,
69,-45,-88,-67,-10,-91,-2,6,25,-71,21,75,70,-23,84,57,-63,49,-22,-26,-34,-55,-62,-31,54,
77,24,-25,-70,10,49,17,9,15,-7,49,-90,71,-27,-63,-5,-8,-42,-86,83,-69,75,-18,84,8,
-84,78,-34,-70,69,57,-62,-20,-67,-50,86,-58,4,29,32,11,-43,-14,-61,-11,96,4,-84,-34,35,
47,10,10,23,95,-68,-18,-55,28,70,49,-39,59,-57,21,76,73,72,15,96,-65,45,-41,-77,39,
68,68,-53,-68,28,14,76,32,28,-57,-53,95,-28,66,-62,33,-44,-13,-38,72,15,52,-88,-70,-27,
0,49,-80,-46,-89,-100,99,9,-84,-85,24,-6,-13,-42,10,42,82,27,25,-90,-64,81,-64,18,83,
44,-53,17,-45,36,81,-90,-90,23,72,-38,64,-12,-21,-85,7,20,47,-16,-81,-73,-45,-90,-57,-91,
29,-81,48,56,39,88,25,-47,85,23,61,-94,-55,-29,31,-1,92,-75,46,-86,75,44,74,37,-33,
90,-99,29,94,40,11,-65,-62,52,-9,-84,-76,-4,-98,21,91,31,30,-57,-66,12,-49,-17,97,28,
98,47,35,97,63,49,-84,-16,49,46,18,-48,-13,75,16,39,22,67,57,7,84,56,-68,15,-23,
21,79,-93,-59,-49,-63,7,-27,-2,63,-82,39,93,-45,-64,13,67,-91,71,-42,-64,-64,0,-28,-25,
75,-70,75,-99,44,5,-94,-99,81,-28,-84,-37,63,-37,-12,2,89,23,79,-21,60,-100,-26,2,-39,
-66,59,-54,18,98,64,44,-40,-32,-65,-71,25,-45,90,94,-15,-18,46,17,-38,6,-9,-15,64,-30,
79,-34,18,-26,-63,-25,64,-22,92,-20,42,-5,-84,12,-96,-23,-44,42,-41,82,-91,-59,11,60,61,
-28,-65,-64,-23,61,79,-31,94,46,-9,-80,-100,-83,33,92,12,-68,-23,-44,4,-30,45,79,97,10,
-86,94,-56,-74,54,-32,45,15,-99,-28,-22,11,6,-4,48,-56,-14,17,86,43,-1,-61,-45,-61,84,
-86,-49,3,56,-25,88,78,-46,-3,9,-83,7,-84,81,40,-13,54,-60,57,-91,-76,-79,33,-52,68,
-20,-32,0,69,-22,-27,29,66,-15,-56,-49,63,-5,-53,98,-14,100,26,40,-29,-26,27,45,-53,38,
96,-65,-31,57,44,-96,85,-45,17,79,-29,-95,-96,-16,-13,-74,-40,49,-40,99,28,31,63,-5,-48,
56,-71,-63,-21,8,-26,15,-7,16,-41,49,56,-64,-58,-15,68,78,37,29,82,-75,-66,81,-54,97,
25,-31,16,17,-61,-56,-94,-47,51,-95,13,-76,-12,14,37,8,-93,98,-65,-50,46,41,87,-51,-41,
62,-76,-31,-43,73,-99,48,-9,-21,-3,-86,69,31,99,-83,53,-51,7,24,-69,-59,40,-57,-89,-55,
-6,-23,22,-54,4,12,-69,6,42,-34,-100,32,16,19,-62,55,-26,83,13,70,-37,63,-95,76,-2,
-84,39,60,-86,-42,-37,-17,96,-32,76,-1,-74,12,-4,-36,-38,-74,70,15,86,-68,89,6,57,-44,
35,14,-91,-39,-47,86,-62,-22,-31,22,44,44,-76,-17,-56,-75,-81,-96,-9,-13,89,16,-19,-99,27,
90,-58,-60,37,56,98,1,-69,15,94,-36,22,59,7,-43,81,-72,14,19,71,3,59,19,-31,-19,
56,97,-20,-4,75,-3,-35,47,-92,93,43,90,-27,-9,-14,39,-22,-34,-38,41,-73,30,-10,84,-43,
-23,-49,71,-16,-2,-39,-78,-17,83,-90,-70,40,-56,-2,-24,-32,33,-23,14,19,69,-83,22,-52,-42,
-71,19,79,68,-72,19,-98,58,-42,-15,-62,-13,-71,-71,-92,-88,-70,-28,-63,-95,37,-29,-36,83,-30,
-73,-92,-83,40,-55,-15,26,-58,-1,-16,-42,17,14,26,33,75,-49,47,16,71,-42,-47,-49,-24,54,
-84,-15,-17,-51,6,-94,-92,50,-17,-70,29,-3,-21,-11,-70,-88,-74,-9,-48,-62,-24,-21,22,-24,60,
-49,-96,-71,-33,56,8,33,45,23,-100,1,-88,-74,45,-28,32,-19,46,53,-41,-74,-35,31,-53,37,
61,44,36,58,39,-92,-40,-99,-27,7,-73,-41,28,-45,-83,40,64,-55,-38,-49,53,-92,-38,95,11,
-59,-91,-47,78,-89,23,48,56,24,65,-67,63,30,5,72,47,34,5,-26,-90,9,20,29,-23,76,
-29,-93,-12,15,88,75,-3,-22,1,78,3,-58,72,9,-85,-35,-72,-52,-63,92,-51,100,55,-53,91,
84,-85,-45,-77,-63,75,14,-15,-3,-48,22,37,19,62,41,-36,62,-75,32,92,-53,18,-69,2,91,
31,9,-34,-15,81,91,96,-49,-34,91,33,95,-11,-62,4,-3,17,-75,-12,54,-45,4,-82,-90,84,
37,77,-57,-4,87,22,9,72,46,94,-98,86,57,-49,-24,-99,86,16,37,-49,34,-90,36,32,-63,
32,100,14,-29,-92,-31,89,85,-36,13,47,-66,54,30,96,-47,72,-38,84,36,-63,3,100,14,-63,
22,-37,20,87,-86,15,-42,2,57,83,66,-73,91,-48,92,-42,-69,-42,20,-95,-83,-82,-91,62,43,
-41,86,65,-9,-71,-49,-82,98,-4,82,-68,53,13,-52,30,28,-81,-86,9,68,-85,73,-56,-25,48,
-68,17,35,11,-46,-89,33,30,-95,-21,31,9,11,62,-100,-93,-4,-75,-14,-49,-26,-26,48,-16,97,
58,88,-97,97,-86,-87,14,-28,-16,55,-94,25,-8,-57,-56,94,-77,20,-41,-90,45,68,-49,-40,-21,
-24,-99,0,-22,63,56,83,94,40,-29,-26,44,18,0,27,-31,-41,-94,96,-15,71,94,-1,21,-58,
52,17,76,-77,88,52,-7,28,29,66,-60,62,-25,-13,-67,10,-76,57,-21,-89,73,49,92,1,-34,
58,47,36,-59,4,10,-4,-94,70,-29,-70,43,3,4,-72,80,-53,73,-93,-12,13,-12,21,88,-89,
20,-53,-47,-45,-55,98,-15,8,11,-67,-78,13,-33,-15,-58,-56,52,-34,25,-96,-75,-70,-72,6,17,
18,95,-40,53,56,93,3,23,-79,84,21,-84,88,26,-70,-73,37,12,-88,11,-96,5,33,56,-87,
79,23,41,-43,-31,-21,-51,-46,2,72,3,33,18,-45,-13,15,-74,-7,-89,-79,-66,32,-60,29,13,
-64,3,-61,21,20,9,-21,-97,-4,-19,13,-73,50,97,98,-6,53,-10,68,96,-29,-32,-78,-47,6,
-60,-85,-62,21,47,-62,-86,-88,40,-93,20,-28,-16,-33,11,40,64,9,0,-92,-64,43,41,-84,41,
-25,67,-21,79,-44,-22,-39,63,33,-99,-55,45,-65,-91,4,-77,73,27,30,-100,93,-11,-58,-90,90,
27,3,-40,78,83,63,6,62,61,39,58,-55,-86,-90,37,-62,-47,-32,-33,-40,-49,37,33,87,-17,
-45,-81,-5,-36,9,24,-19,41,20,22,-75,-44,-23,-87,72,68,-24,82,46,36,54,80,22,26,-95,
55,-16,-46,-31,-74,-36,83,-17,-23,-64,65,0,-54,-7,-11,56,-1,-69,87,11,-80,57,91,-76,-56,
-42,-90,37,-16,-100,65,98,-45,18,37,-47,-6,-11,87,87,-33,-95,-74,-30,-19,-19,-3,80,84,-99,
78,-55,21,-1,-66,45,28,-44,-14,-30,-55,91,45,50,75,-44,-90,-68,28,-65,-49,32,58,-38,19,
95,-56,-82,93,-28,97,44,69,14,100,74,25,-95,42,12,-2,45,-9,-2,-86,-49,-57,1,65,31,
-38,-59,40,-89,54,72,95,-97,-34,-10,72,15,26,59,-63,79,-5,3,70,85,-99,91,-69,66,-72,
93,-53,-38,-6,-8,42,-14,-26,39,93,7,-91,-58,63,-47,46,73,41,0,84,83,66,63,54,98,
48,-60,-19,-58,53,-13,-66,41,11,-15,-99,-93,53,13,91,-72,86,-16,-34,-97,94,-51,-12,-46,-19,
-55,-59,-72,-88,-31,-100,-2,38,100,2,-38,2,14,74,-71,-48,50,78,15,53,71,-71,73,43,-32,
50,-78,91,-88,100,-62,48,-18,-61,-14,-66,-24,97,98,25,10,-59,-55,96,51,56,-11,-45,30,34,
3,-14,55,80,-23,37,-2,-49,-66,-53,95,-33,-22,93,-63,70,-92,26,65,9,17,-50,21,-17,-92,
93,-72,14,14,-54,-68,3,12,1,95,71,-5,-49,13,-99,-12,-82,83,-55,55,-32,-53,-77,17,-44,
-91,-27,-88,87,-34,84,60,77,11,-20,39,-9,-40,-29,-14,83,-24,34,-39,69,71,87,20,74,-86,
76,32,15,-37,-19,90,64,-34,20,80,-41,37,-64,43,-3,-2,33,44,-22,98,72,-15,-42,67,-5,
9,81,48,13,-57,77,-29,-39,-46,-92,93,53,-32,-36,-28,-9,-52,37,46,-2,-40,26,48,-65,83,
-49,78,-61,13,67,-79,71,11,-28,-41,-98,50,-68,84,87,-28,63,76,67,51,2,-70,12,21,-77,
90,5,88,19,-61,-51,86,74,-88,78,6,49,88,-12,54,21,-73,-6,-47,-32,23,-26,65,34,97,
5,45,24,68,-79,42,-33,-51,69,-35,-92,27,-7,-23,-66,11,84,-62,8,-12,-45,40,78,-86,-26,
69,-64,96,47,-72,75,44,42,67,95,30,91,-71,-76,85,-54,15,-17,-94,14,29,6,-96,-11,-61,
87,58,-89,-85,62,99,-89,50,88,-75,-22,-74,49,-63,-74,-4,-69,89,-91,-75,36,76,47,57,5,
44,67,-79,-74,-30,8,72,17,8,-71,85,-66,20,24,63,31,-56,47,96,-56,-41,-87,-26,82,-59,
59,6,-43,-97,-87,39,68,-90,7,94,88,0,44,-21,34,45,93,-7,36,65,-53,-50,55,16,-76,
-34,-12,-84,-47,-84,72,26,-52,19,9,75,88,67,40,76,26,-51,-51,-28,72,40,13,-43,-27,3,
-45,28,-64,7,35,21,70,-57,19,-63,10,-95,-51,-74,-54,-75,-28,42,52,-8,-54,12,16,5,-38,
25,57,92,-80,-31,-62,-69,13,-95,20,-70,10,18,63,-9,63,-41,-50,-40,41,-60,-36,24,-89,13,
100,16,-64,52,-30,-12,63,22,-40,-86,-58,-91,11,38,-27,-84,-15,-20,-14,23,-13,-61,6,1,-83,
-20,60,-8,100,-31,-12,-96,-53,40,-8,15,13,83,24,-26,-65,-72,-28,-58,-100,67,-81,13,-32,73,
-83,20,-97,37,-17,-31,58,-87,-23,0,67,-65,100,-4,-44,-22,71,-20,18,23,-66,-42,-47,56,-27,
68,43,-5,12,55,-77,-68,-91,-76,-21,-71,99,-38,93,-40,-58,2,-58,-36,64,-91,3,-72,-59,82,
100,35,34,86,-31,96,57,29,-90,-68,-93,-12,99,70,43,-12,43,33,78,-57,-2,-16,64,-26,5,
12,82,-42,19,-55,100,95,-98,28,-82,16,-30,-88,37,-52,-69,27,-37,-69,-64,26,-11,-43,11,85,
49,-27,-80,73,45,9,85,86,84,-92,-86,-70,-71,-48,-91,-24,-90,31,-83,88,-11,11,76,27,98,
58,-11,-61,-22,-80,-12,83,-61,4,-98,100,30,-6,100,66,-86,-35,78,-86,-6,-98,42,61,97,44,
64,88,-4,84,55,89,38,49,-96,-20,-88,-92,25,62,-27,-62,-2,37,100,42,11,77,1,73,63,
-88,-24,86,-16,-54,28,70,-31,-13,98,-26,36,0,-73,-12,18,-96,-59,-19,-86,51,-78,-55,95,69,
-20,-74,-31,-100,55,-22,95,-24,-12,62,6,67,-12,-61,-11,19,17,-68,20,97,-85,-25,82,83,19,
-24,92,-30,58,92,25,59,-48,64,66,-76,-95,30,71,60,43,55,48,-52,77,64,-37,-29,-44,-4,
-65,-7,12,27,91,89,32,85,69,14,-91,-16,-62,-40,-78,-44,-65,-16,26,24,22,-68,-61,51,60,
45,62,97,77,-85,-42,-92,91,-45,-82,10,89,-35,61,-6,28,-90,-25,26,-93,-61,48,-71,62,-99,
-63,-69,74,65,52,-42,4,50,89,-48,70,-67,32,57,-99,-4,25,-1,39,63,-49,2,-56,-70,-63,
30,-52,87,68,-67,82,10,-54,-60,21,6,0,-31,-40,31,-30,63,72,-85,66,65,-28,-2,42,67,
-91,36,83,-91,73,-34,25,50,-26,40,-10,26,-4,-79,-74,66,96,-20,10,-6,-58,92,73,47,84,
70,-17,-42,-53,21,-17,-35,80,22,37,-28,-39,11,-62,-32,-38,-97,39,-65,27,88,-80,26,3,31,
58,87,71,92,-10,-38,-15,-3,43,96,-80,34,-3,64,-39,81,62,34,28,-88,-78,49,57,-34,51,
51,81,-97,-9,-59,96,82,-94,-3,57,-88,62,29,35,-77,-16,54,22,-22,-55,-2,35,9,2,28,
-33,16,-59,0,78,-24,39,36,61,-58,-57,98,-77,-57,77,15,-14,-77,-72,-73,-96,8,67,98,-1,
12,-30,-26,-34,-28,55,98,-85,-10,-39,53,27,-90,51,-75,85,51,-57,32,-82,-57,-90,89,-26,-63,
29,19,-47,-54,3,-9,-65,26,28,18,68,-43,-49,-11,98,48,-67,99,46,51,92,-8,45,17,64,
77,50,-58,14,-65,-84,-24,40,97,25,-42,33,98,-41,100,-9,48,49,-58,-35,-30,-63,36,-18,-16,
8,56,-1,-97,86,43,-85,36,-30,30,-54,-19,54,-26,-94,2,3,-82,-3,73,-60,-26,80,-65,23,
-56,43,-89,-7,78,43,80,-66,92,-20,91,68,-98,65,-33,83,-43,90,-10,-6,85,-42,74,-19,-30,
-52,41,79,-34,-90,-13,-67,-29,-35,97,58,-18,-43,97,-67,100,47,6,-6,42,-60,-58,-57,-6,-36,
63,40,-22,-76,67,31,-67,15,-79,78,3,-31,17,-56,13,-75,-100,-12,11,23,79,-47,34,-36,-45,
-23,-30,58,-35,91,31,-27,41,79,-97,-16,48,-97,44,-52,-14,63,-62,53,41,8,83,40,39,93,
-93,-14,-56,81,30,1,6,25,52,54,67,10,-56,-60,-78,-21,73,60,-39,-34,-58,-79,-88,-67,-1,
-64,7,-14,96,-18,-59,4,-16,6,-2,34,93,-6,-26,-93,19,-70,-85,65,-83,32,-18,39,20,48,
-73,28,89,-32,23,10,9,-86,-94,-96,-96,87,-62,-40,20,3,-48,11,71,-96,38,45,3,-98,-6,
-21,69,-26,6,-45,-13,47,-96,46,-29,72,-81,-39,44,4,12,6,-39,-63,34,63,67,-79,60,-20,
-9,-1,-72,-67,-66,-84,-6,25,-65,93,-25,85,71,-80,-12,-26,-42,-17,98,-66,15,88,99,-10,96,
-25,-18,2,28,-54,-94,24,-11,-79,-45,28,-5,-87,35,-37,73,9,24,81,8,3,-83,44,-69,-43,
68,11,-23,55,99,54,-34,28,-51,-43,-27,-33,74,-21,45,-67,-56,80,12,21,42,47,-57,-41,88,
20,-31,97,-71,-68,-91,-44,47,-89,26,-9,-74,-36,-22,27,-12,-42,95,-4,1,-27,-38,48,-30,19,
-59,-68,-52,13,86,11,27,-96,38,-40,61,18,13,66,57,-70,-39,67,3,84,22,-66,91,-17,41,
100,21,-80,-38,-66,0,-57,-7,16,-34,-1,68,-43,48,55,-51,37,99,-35,64,99,51,73,-57,64,
86,78,86,7,-99,-94,-8,-85,50,-53,60,19,33,13,48,20,72,-49,-32,-90,91,-21,-31,22,37,
-38,77,-57,90,-33,65,15,-94,26,27,78,70,38,20,-60,-56,-64,10,46,47,-18,64,93,-42,-9,
-51,24,66,32,-27,-77,-78,-80,35,100,-4,76,-87,-78,-86,10,77,18,1,17,76,-90,-87,-94,-13,
-58,94,3,81,-39,-85,-12,-5,6,-36,-5,-26,-35,8,34,-37,-74,16,-59,-44,-12,-79,16,6,-78,
50,33,26,-12,-46,97,33,-3,48,62,-42,-28,64,37,54,22,10,59,97,77,-98,-44,-77,-42,50,
-24,-95,-70,8,-95,-42,-30,70,-31,-37,2,84,94,90,-65,13,81,-86,-12,-78,-15,-11,33,34,-32,
-51,-26,21,78,68,90,92,32,63,7,33,98,15,54,-56,10,-43,-58,100,-83,46,58,72,-87,-59,
94,-24,-25,38,-85,50,16,99,36,29,-71,65,-14,-4,-31,-4,-73,-53,-69,-34,2,80,28,86,7,
35,44,25,30,95,1,83,-86,35,-68,75,-62,94,-45,-69,68,98,78,-26,-1,45,-37,-61,18,16,
-23,61,3,31,81,-86,50,-5,37,-19,89,-99,66,-67,-4,85,-38,-67,1,-37,62,28,53,-4,0,
0,-82,91,-58,-25,-22,-56,37,19,25,36,86,-59,36,35,-32,-9,-13,72,-30,-4,-66,30,49,91,
-20,-18,-36,19,-97,40,-93,-54,-23,59,73,-4,92,57,94,26,97,-69,68,-2,50,17,-52,0,68,
-39,-29,66,-73,-63,66,95,-45,-49,64,4,44,39,39,46,-11,-31,85,-100,-26,-8,87,79,72,-16,
-86,-81,51,-32,43,70,22,66,-72,20,-23,-89,-19,68,24,84,-11,8,39,-8,5,43,41,16,-25,
-49,33,36,-45,67,-38,47,71,-92,42,8,-51,71,74,-4,11,-15,59,21,-21,52,1,20,-69,40,
-91,81,57,-54,18,24,19,85,6,83,95,68,58,83,84,32,83,-74,-37,-14,-50,45,-39,-86,-62,
68,75,20,65,86,7,95,51,-32,53,90,-62,-96,99,29,-88,78,-66,63,50,14,-65,-95,13,-57,
1,54,-69,-80,4,31,64,-4,-55,-14,-74,22,-32,65,-83,89,44,-86,61,93,40,-79,-6,38,-20,
15,11,37,-17,-40,-79,5,-38,-78,-16,62,-36,-8,-95,-56,-96,-62,4,-94,-72,-67,79,46,70,-44,
-92,86,-74,-15,-49,10,-24,-66,-87,-85,-16,46,77,16,-49,0,-28,81,30,-34,60,-53,-6,-42,19,
60,85,-23,-61,-52,-35,55,18,57,11,98,83,99,32,94,-92,90,22,16,-45,65,-63,4,54,85,
23,29,-89,-28,-33,15,-7,-72,68,-89,70,-87,24,-36,99,-23,-43,35,19,39,70,-74,54,-92,-79,
62,-25,-25,20,68,-46,72,66,-74,8,-99,-60,5,-31,7,-77,90,-39,-54,-18,-59,-84,-93,-16,-4,
98,-69,-64,-11,32,-67,-27,-93,32,9,91,40,30,59,-44,49,-9,64,37,-40,87,46,28,-12,38,
41,-51,-15,45,-1,28,-99,0,-69,82,46,-69,65,85,21,41,-64,96,-57,-52,28,-15,82,-14,-51,
47,-52,-25,86,-57,4,-55,-36,-81,-98,-11,17,74,-21,-36,43,14,-82,-28,83,-55,77,29,-83,38,
-73,17,-84,68,-40,-95,73,84,-2,58,81,42,-10,42,3,-25,-30,-83,-77,41,20,-82,-34,4,67,
81,71,71,-13,-20,46,96,80,81,-35,66,6,-90,34,99,-87,-31,-93,-74,-59,17,93,12,80,79,
78,96,-78,-62,9,78,70,15,0,8,42,37,-51,-81,26,-45,-40,69,-39,-24,10,1,13,-18,1,
26,-74,20,20,75,-71,22,-50,-37,-45,25,-9,58,-100,46,-58,20,51,-45,64,-58,48,-5,-8,19,
-37,81,5,87,62,-98,33,33,-73,4,48,49,-59,100,-96,20,-35,4,-31,41,47,75,-52,-17,-40,
-95,-49,-68,-67,-63,-50,2,-93,-68,80,56,69,74,-89,56,61,39,13,20,83,-76,38,35,90,-52,
0,21,22,-76,-97,13,-85,42,-96,44,-54,-24,-16,70,57,32,83,11,-12,45,84,-70,-41,89,-94,
-61,-91,62,-5,-66,77,76,-23,-99,31,99,97,100,-5,-98,-16,71,31,32,58,-64,39,69,-80,86,
-20,-55,-51,-10,-54,-96,-85,3,66,-75,91,-66,11,58,-89,7,14,-24,-28,-73,0,-60,47,94,-71,
-21,14,-92,-64,52,77,93,-25,90,79,-67,-38,-68,55,-10,2,58,55,22,-69,-30,-28,77,6,-75,
40,54,-98,-20,10,-20,-59,-20,-16,25,-29,23,14,-28,-97,20,-54,19,80,88,4,66,2,-90,77,
-31,73,-61,-24,63,70,-59,-34,-85,58,-96,-50,82,42,78,4,1,-27,-92,-68,-56,-83,36,-33,-3,
79,-1,94,-9,-18,-86,-63,-4,-8,-12,50,-93,-8,17,32,-54,75,16,92,-26,94,-8,-15,17,1,
-96,-43,70,-60,14,1,-31,8,9,37,47,-61,49,85,13,13,30,27,-73,-90,-76,-36,-19,-53,-70,
32,-87,69,26,32,-88,-57,-58,-19,10,1,65,-54,87,-96,-49,13,69,-21,0,42,-41,-34,7,-35,
24,-55,-7,-17,-36,99,51,2,14,-42,-82,-85,38,72,46,-9,49,-2,-74,-32,-27,54,86,-96,-62,
-6,67,15,22,-62,-75,-40,3,-33,-11,83,-65,28,59,-35,-100,-50,24,-47,-7,25,-84,98,64,48,
-55,16,-5,50,5,-26,-5,-87,6,-22,10,18,90,-24,-79,18,89,-84,-12,-71,-48,3,96,39,-28,
30,-64,100,-90,96,-99,17,47,57,48,-46,-51,100,-49,-38,28,17,-3,-38,-65,-34,-10,-81,13,-82,
-53,-92,90,34,6,-97,-91,-13,78,61,39,82,-31,-22,-61,-84,-62,-98,48,55,71,37,28,91,24,
42,2,-84,-98,-69,7,88,10,-79,84,-21,-39,26,73,-2,-14,69,-84,0,61,62,-85,-65,-58,-94,
-88,-60,6,91,73,-49,-79,18,-37,80,-22,-100,-87,-53,-28,62,7,49,2,-37,-54,63,-58,78,85,
-3,-42,26,-73,20,52,10,15,-39,-45,-64,-32,-56,-59,52,44,-75,25,-39,7,71,-93,24,37,-63,
-91,71,-53,-13,0,-65,72,52,-24,-81,62,17,44,83,-91,-39,18,59,-70,4,56,78,-57,38,13,
68,-27,-12,-68,55,-29,-21,-5,28,-8,31,36,73,-11,69,15,-28,94,34,51,24,-61,-3,-77,98,
-2,30,19,31,97,-67,-27,88,-15,-100,34,-8,-21,20,-24,12,48,99,17,88,67,-5,15,-84,-12,
-17,-8,2,-6,69,-40,-20,-66,-81,-55,-72,-9,-93,59,77,-10,33,-33,86,72,-53,12,-75,-39,84,
-93,12,6,48,24,44,-26,68,9,2,99,-53,-74,37,-19,21,-6,-3,76,-29,80,6,-70,-65,76,
55,-39,-69,-23,71,-76,-28,37,-69,93,-30,-41,-58,-73,-9,65,16,-100,-48,-69,-42,1,-3,-63,-78,
67,64,-10,29,33,82,-63,-65,-63,83,96,-66,65,-61,-40,-12,67,90,-16,-34,-82,-36,-6,80,40,
26,-82,-13,-38,-95,63,-72,53,-63,18,-52,84,19,-33,-99,-65,-32,61,58,-78,-96,30,-20,4,68,
80,40,-37,81,20,12,-81,64,-12,-43,77,-57,-80,-67,98,94,-19,-78,-39,100,55,-64,-33,-61,-84,
25,-96,-11,-90,46,-90,-60,32,39,-92,42,-31,-53,-96,-67,-6,-45,-35,14,65,47,-64,74,4,-80,
-32,76,-37,-25,-56,75,25,90,79,-27,-98,-47,63,-99,-37,-43,-47,51,-97,-81,29,-42,39,41,-59,
95,66,-77,72,5,18,69,-41,-24,-93,95,19,81,95,-42,33,10,12,-86,29,-64,29,10,-99,52,
54,-56,-27,80,92,85,7,83,-12,-27,66,58,12,-52,-75,-6,-11,-19,11,55,97,-27,-61,33,77,
2,79,37,8,60,-78,94,16,40,-49,45,53,64,-22,-54,-17,-25,83,-51,-30,76,-23,54,-34,-66,
-92,-32,36,47,25,-18,41,5,18,-78,-90,-17,71,-11,-100,-37,-29,16,-50,32,-30,-97,36,91,-32,
10,1,43,21,-58,35,61,-50,-7,70,-4,-9,14,34,28,72,91,-23,60,21,43,-54,25,6,4,
-25,-64,-96,98,-55,-11,-56,55,-80,-64,-56,-81,86,97,-21,68,-74,-20,59,-22,-4,-26,40,-27,-2,
13,20,29,-18,70,-15,32,96,-88,-10,9,97,68,-71,7,56,-32,100,-11,-74,71,89,44,-34,84,
-5,-61,-85,-18,96,-20,-82,-48,-61,-63,-39,87,-58,14,16,-12,14,-42,19,-13,-30,-72,66,85,84,
54,31,54,26,72,49,62,19,57,-44,41,-91,35,21,-17,-94,68,89,33,-56,66,-82,-1,9,3,
38,48,70,11,86,-68,20,-21,2,84,-2,29,-5,-31,45,-94,97,-87,21,-96,92,68,-16,-57,-32,
-52,68,-62,89,14,35,-83,-40,-17,56,64,-76,63,-3,-56,-39,-60,34,-26,-52,-39,99,23,-91,29,
28,-76,-42,88,-75,-77,-54,66,-90,24,-70,-13,32,-33,-44,-52,98,-36,46,83,-10,40,3,-8,-9,
53,-65,-77,77,74,-91,-61,31,-35,67,-66,-74,89,-72,76,51,-66,-31,-42,94,-26,73,66,80,-88,
-96,-51,60,67,77,90,-18,-81,73,-27,-27,-48,-17,54,91,-57,32,-26,59,62,36,-18,88,14,29,
77,-44,-32,94,76,7,-60,-92,-35,-32,79,78,83,-70,74,77,97,-47,65,40,22,-13,69,75,-93,
0,16,-11,10,-67,12,17,-18,3,84,29,-8,-80,-26,91,-96,79,-81,25,-15,-43,54,-33,96,-61,
-78,46,-4,-49,-47,75,53,87,66,-66,63,35,-5,-81,-92,54,-63,8,3,-48,-39,-44,53,26,-39,
44,-34,46,-57,74,-71,1,37,-71,58,95,33,-23,58,22,-11,83,-31,0,-84,-45,85,-1,61,-52,
-7,-20,40,-11,-79,-40,-71,30,-71,82,-56,87,-86,-46,-86,68,-39,3,-34,-1,-36,57,-63,-37,40,
-51,32,53,-80,-74,-45,-79,1,-22,29,84,-75,76,40,-27,28,-77,54,-89,-34,-39,-44,-5,37,90,
1,48,21,-80,-79,-75,-43,71,-35,-33,-67,50,3,1,-4,-32,-95,36,93,-55,-87,-33,-83,-49,-88,
68,4,-54,15,44,-77,14,-5,-12,67,26,96,-48,34,-92,20,81,61,-85,54,13,96,-87,-88,-89,
-77,-42,3,-26,-66,-4,3,87,-60,-44,92,-94,-98,-59,-70,-86,-88,-23,8,39,42,-55,0,100,14,
-77,16,58,-97,-90,-57,-31,-6,-47,-95,71,77,40,-26,-89,-9,91,-51,30,-83,-12,-34,-61,-21,-98,
-51,-87,-35,75,-33,68,16,-26,77,38,81,-21,58,-85,5,-1,30,54,1,-46,-87,94,-85,-79,66,
-20,36,-97,-64,65,3,-69,76,85,-16,-85,-44,38,-13,70,-85,-86,-60,3,86,12,22,87,-2,-17,
71,9,-5,87,-23,91,-96,-8,4,-23,46,-16,36,-41,-27,30,-83,-88,-61,63,-97,57,58,-96,36,
7,50,16,19,62,-89,75,80,-34,75,-13,41,-61,20,34,-57,94,-54,15,61,-52,-55,-45,48,-11,
-14,-68,14,13,-75,24,-42,94,-73,-31,53,-93,42,84,66,93,12,84,79,72,-66,14,87,8,27,
7,10,60,51,-98,68,-79,23,-8,22,-79,9,10,-73,-82,-58,27,95,34,87,-61,-46,62,-59,-10,
-27,97,98,-100,61,72,22,88,-2,-57,4,78,0,27,-51,49,86,56,3,-8,56,-33,83,83,-48,
13,-41,-30,-49,27,64,92,-76,97,18,-23,-99,-24,-15,31,-3,-62,83,69,84,-78,-58,-90,-80,-14,
-35,-5,97,75,-98,78,-14,-89,-17,-21,98,27,44,-23,5,-5,-71,-35,-28,-6,40,-41,40,-18,43,
90,-6,92,69,70,25,-48,69,34,62,-53,-43,-91,16,-66,-75,-94,-64,63,-22,82,19,-70,-24,90,
12,-1,36,-28,58,-51,49,-80,-77,72,95,61,-31,59,-48,-46,31,28,-39,33,34,-99,-70,55,-59,
-36,-38,66,8,-15,39,100,-64,70,88,62,98,-73,54,63,0,58,93,-83,41,-66,-1,-3,77,59,
38,-52,0,44,2,-67,100,-29,-65,-95,-34,79,66,39,70,31,67,-3,76,-19,44,97,-42,71,-2,
2,11,69,-88,19,-15,92,-67,37,-10,84,-74,-74,64,9,67,-31,-8,-97,60,21,-73,31,24,52,
7,-91,-58,-99,-42,88,-79,-65,-45,-44,34,-61,84,1,-65,-61,-16,24,-56,86,-97,-75,81,55,59,
33,-84,-99,-65,-7,21,48,78,28,15,31,50,50,-2,-1,-98,23,39,39,-77,28,-56,68,-98,38,
-78,-70,31,70,14,-87,-30,-77,12,59,-9,-79,-10,-58,-17,5,49,-2,-13,17,-49,84,-20,-96,94,
-69,-86,-9,50,73,-67,-49,62,34,-29,-10,10,85,-22,30,99,68,17,-86,50,81,19,-79,19,16,
94,61,92,69,-61,-86,-74,-9,-85,31,22,-56,12,-17,17,-83,-43,67,-42,-83,94,-27,-56,85,-91,
-8,-100,-56,82,-21,88,-99,62,-49,26,-8,-77,-41,-35,-93,-68,58,40,8,82,-63,95,-76,26,19,
-93,-51,55,-80,90,76,67,-69,79,-37,24,86,40,-74,-77,-69,8,50,-23,96,-13,88,-45,-57,51,
63,66,-18,16,8,78,-6,-70,30,-59,-37,-63,-46,79,61,85,24,-26,-10,97,-54,93,83,-3,87,
-61,-18,91,-61,-75,61,8,-89,20,94,-43,-57,-54,-23,7,-4,44,-42,13,-89,37,12,29,-62,49,
-9,19,-41,-19,-17,56,22,27,70,23,-44,-72,-29,-10,31,41,45,-97,8,-21,-10,-81,91,-22,76,
67,60,-48,-65,-57,-84,91,-98,-9,-49,-14,58,-93,65,57,-48,79,-29,-84,11,2,96,6,-57,-65,
36,-74,-91,-44,83,12,95,-17,-83,57,-75,-90,-56,-3,-18,95,-20,-2,-38,-66,-49,-46,-64,-87,28,
61,-33,53,-77,-75,67,-27,37,-4,-30,-23,90,75,18,37,53,97,98,19,13,20,-77,-51,23,-56,
68,-19,93,-92,31,20,-90,-20,11,73,-64,-78,-41,55,-58,-93,-62,99,-8,40,-66,-87,-29,-33,89,
-80,-93,7,-90,62,-13,-67,79,-98,-16,49,56,-82,-11,-41,-79,96,-6,72,60,74,-33,72,74,-75,
1,36,88,67,68,50,2,78,-53,70,37,36,73,-2,97,-81,66,33,-29,69,87,76,-44,-5,86,
-82,-94,1,95,64,-42,16,23,-20,61,93,-86,17,72,-95,37,-61,-65,35,-10,-67,18,62,65,99,
23,-12,-5,-18,-28,74,-47,57,8,-33,-71,-24,68,-17,73,-5,1,96,68,8,-18,-45,-93,98,-35,
-90,-100,-13,32,-77,22,29,7,-10,25,-10,94,-92,-37,91,-49,-81,26,59,55,86,36,88,-31,15,
-93,22,5,-8,-63,46,-71,-19,-8,46,1,6,-91,32,-44,-62,99,60,-78,-43,64,-50,27,-99,-23,
42,-75,-97,30,73,30,-1,-1,-85,-22,-35,48,0,80,33,89,65,-10,69,-21,-71,-10,12,77,-5,
-96,-90,46,-57,80,-95,90,-97,81,0,13,2,-38,-18,-64,-12,-83,-29,-66,-22,-41,12,-58,55,22,
-74,97,70,43,92,-16,-64,-75,-38,34,-41,43,-10,-88,-92,-49,23,93,-60,11,66,7,-38,17,-88,
-27,-92,34,-9,7,-96,49,-5,24,-64,49,-51,-36,69,84,-81,80,58,-70,28,0,43,45,92,-68,
-1,61,56,89,49,23,100,61,-72,63,-65,99,69,84,87,-34,42,57,-78,-74,-32,-26,-61,-10,-83,
30,62,-68,-20,-66,71,5,-93,-96,-59,-33,-90,-89,-64,-19,9,54,84,83,-71,-98,-42,27,-85,6,
81,-12,-26,-1,47,52,64,92,0,-27,36,-85,31,100,55,-76,-61,-12,-39,-25,-34,-45,-80,56,-22,
-47,-20,59,54,31,-32,28,-25,49,90,8,-19,-2,-48,-34,-86,77,50,0,-2,73,-40,76,29,27,
-87,-29,44,-82,-33,94,70,82,91,-34,-52,53,8,-40,94,53,8,-54,81,-31,89,3,-27,39,15,
-69,-17,-100,-33,33,53,-5,62,82,65,25,-30,-66,12,-84,-70,-49,-56,58,-61,35,86,2,32,37,
87,-92,4,-12,-63,-55,29,-66,12,75,19,-16,-46,11,-87,23,-25,45,66,-51,32,49,77,7,-87,
2,-50,80,-56,-8,3,-21,88,62,10,34,34,63,97,85,-78,-93,98,39,-65,63,-52,-17,-14,20,
3,-97,47,74,40,-67,37,51,-17,-1,19,4,-78,-81,40,-43,16,25,46,-22,48,17,24,-79,-42,
87,99,86,-9,47,19,21,-95,-7,99,72,16,24,2,-53,58,-43,23,-31,99,-4,20,-63,-28,-42,
75,31,61,4,-36,3,17,70,-43,-32,4,-1,63,18,-63,61,-13,40,4,34,-61,-46,68,50,23,
-60,-26,57,-46,27,79,-16,24,-57,57,-84,-86,39,37,-98,-65,92,-64,24,-2,43,73,-90,28,-59,
7,-50,-85,45,75,78,85,85,26,-9,-62,1,66,54,11,-5,40,60,-90,-34,-81,6,34,91,4,
24,-8,75,32,-6,-53,-58,-6,94,24,-84,-63,-1,-63,30,6,-51,74,-70,92,4,-15,-57,-43,97,
-42,-42,-10,-58,84,-63,73,-8,11,6,-38,-44,-39,88,-100,-35,-27,54,-70,100,48,92,-3,67,-100,
-8,-32,-42,-67,-15,69,81,2,70,97,60,-83,65,19,48,-48,-11,-11,95,-16,2,80,33,-25,65,
-51,-21,-30,-53,65,70,-57,-55,90,-36,92,25,-25,93,-45,-80,-61,-6,28,-51,0,26,91,-34,16,
-76,30,25,3,-36,88,67,11,-98,46,-63,68,-44,-45,-72,-99,-61,-54,76,-46,-23,89,39,26,-25,
-58,-10,93,-15,-53,-79,31,75,87,37,6,-15,-4,44,-21,38,37,-31,-84,-11,-19,-31,-27,-85,86,
66,-37,87,-64,-8,-44,-67,-9,-7,-50,64,25,-77,28,23,-18,5,34,-50,58,-95,97,-64,-50,100,
49,19,7,16,50,79,43,79,98,30,-40,77,22,-68,34,55,-77,-39,-43,85,77,-90,82,74,-64,
-66,83,67,85,-42,-42,-83,44,76,81,84,13,16,39,-43,60,62,24,-55,99,31,-70,52,0,60,
38,-35,56,-35,-83,-16,-97,-70,23,-21,-97,94,-51,52,-1,82,-18,-81,-68,-38,24,-69,-63,97,-11,
98,-55,26,-21,22,-38,-77,-51,93,89,-66,53,74,-40,24,-45,80,-68,76,76,32,-40,46,-97,-67,
-95,-13,-42,-89,53,-97,5,-1,50,-15,38,-84,54,92,34,-79,-5,-20,-66,-40,47,76,21,-1,0,
90,-58,79,58,60,24,96,-48,-5,44,-38,-50,24,35,-27,-71,-55,-85,28,25,49,56,-82,84,-53,
-81,17,59,23,-46,34,93,72,25,90,88,-9,-46,11,-1,69,-96,-72,21,-76,18,-80,77,11,55,
95,-19,85,7,-20,-77,-25,45,14,74,97,22,-32,-82,-43,97,-40,60,77,-71,92,-50,-36,-94,-91,
-86,-28,-85,-2,67,-32,75,91,12,-19,61,25,100,-57,-23,9,35,55,-48,77,-62,68,-28,98,41,
55,58,-83,-74,-47,81,-29,-73,-55,-48,-5,-51,-57,5,26,72,-55,59,24,-53,63,-56,11,29,-20,
-31,19,-49,-52,-84,69,-46,55,-29,-2,-82,25,-66,-93,91,61,-16,6,-39,-73,92,90,-56,14,-96,
-2,-73,-57,-94,-64,59,-6,23,-45,-90,41,19,-5,32,26,47,-32,-90,-29,-78,-96,-74,-6,-37,53,
70,1,-69,-91,-47,57,-18,65,69,-41,-49,-21,19,-13,25,74,-14,59,-23,75,80,16,-40,29,-68,
96,93,-68,58,-37,-74,60,87,24,-70,-56,-88,100,93,95,61,-6,-62,44,-30,-34,24,-77,51,48,
-41,-87,-69,97,21,29,66,-57,-93,55,85,58,-59,65,-84,17,50,49,-82,-56,5,-92,-40,-17,4,
-19,-1,65,-59,-36,-27,-47,14,19,-31,-59,-12,-54,-9,64,79,13,17,-74,-87,-54,-84,67,-85,68,
34,63,77,56,-2,-71,32,27,-53,21,47,-77,-15,62,-39,59,93,85,-88,99,28,-8,78,72,-32,
62,55,-13,2,-77,68,6,16,90,47,-35,-47,-26,-29,-36,67,20,-12,63,45,63,33,42,97,-49,
-79,62,24,7,74,-1,7,-4,20,89,7,67,-71,76,-72,81,-61,83,-82,90,71,24,89,7,72,
18,34,23,46,48,94,10,64,-85,88,-30,-77,-97,-70,95,-6,38,-11,13,59,19,-94,-76,41,34,
93,-77,26,64,-72,-94,-11,-73,-52,-13,-75,-65,-47,42,-88,-56,59,76,-42,-99,-71,-94,-94,-82,98,
47,23,-40,51,-77,-55,-80,60,14,68,85,53,-32,93,99,22,-3,-1,-93,34,93,-82,71,88,98,
73,45,-69,62,39,-30,-26,-5,-43,31,-74,71,65,45,96,64,-17,74,24,-80,-74,-91,44,70,6,
-57,-24,-68,24,-10,-56,-12,41,-16,91,33,63,58,-24,-36,-60,27,-12,55,-42,60,-36,32,-73,-10,
-33,-3,-52,-56,58,57,73,93,49,-95,-71,-12,87,-32,-45,-17,-100,87,76,17,-21,80,-91,-18,17,
-97,-16,63,85,-25,0,-76,-91,-82,-93,-29,-89,18,100,87,-5,32,-35,-42,-47,-16,41,-75,3,-97,
10,-77,-50,40,96,-61,23,55,-38,-2,-60,76,31,-4,-57,-46,-31,-4,77,-38,18,61,38,99,72,
-92,29,-98,74,-32,23,86,-59,-60,-43,-35,89,-83,-33,-27,64,-41,68,-98,-21,82,-91,-16,40,-32,
28,57,-97,45,-64,-88,-16,63,76,-47,96,-60,-53,-69,-77,-70,39,-37,28,-13,53,42,-45,61,78,
-42,-22,30,7,-56,38,51,91,14,19,-38,48,-22,72,99,84,85,30,-62,34,-100,71,-48,-86,-8,
26,48,69,-59,-18,41,51,80,-46,-100,-75,19,72,49,45,-70,53,-49,-6,99,34,38,-56,-42,-75,
-86,5,-1,-37,68,65,43,-41,1,-76,-34,96,-56,32,2,-60,52,-6,-86,-92,-44,4,15,-55,-9,
-22,100,2,-87,41,-4,77,-37,31,45,-94,91,38,-92,50,35,76,-77,-31,-10,-10,-20,65,92,-87,
-10,47,-97,41,68,55,-49,63,-33,-6,-48,-41,86,-94,-49,94,63,-89,-14,-73,33,-38,-3,36,15,
-83,-42,-29,39,29,32,2,-44,-60,-73,44,-56,13,49,42,-76,-17,72,22,69,-75,46,40,-42,25,
17,89,95,38,84,40,56,-3,23,-74,-37,-38,-95,-30,-9,17,-10,76,71,79,74,30,60,-95,-54,
-17,-49,13,82,-31,-33,86,-59,-33,66,-1,69,41,-24,8,-56,-69,-77,74,-64,11,22,98,-28,-50,
46,-89,73,90,95,-1,-3,-95,-55,-87,86,-98,-66,-26,59,-38,9,-13,94,2,-90,88,-40,-26,-55,
18,-74,28,18,70,-87,18,100,-85,59,33,60,68,-70,44,21,16,-17,-56,72,-50,-46,-91,-51,-31,
51,-24,18,-56,44,39,5,69,33,-38,57,53,30,75,77,40,-29,52,56,80,72,10,59,89,-88,
-80,46,-28,-13,-99,-65,-13,78,89,-63,-65,-49,16,-22,-52,-23,-30,-100,-30,72,-28,85,-52,-89,-20,
-23,49,-63,-50,94,52,-80,-38,-60,4,88,15,-76,66,93,-6,80,94,40,41,11,-77,-58,50,92,
14,-82,1,68,58,-69,-14,-41,-61,-100,45,-81,-94,21,-88,-52,-83,-60,-67,-47,15,94,89,55,-13,
23,73,-60,-50,39,-94,59,-86,-91,-70,92,-20,-48,-67,51,61,0,-74,42,48,35,36,-57,67,30,
-66,-12,-52,45,8,27,30,-49,0,-4,-16,24,-20,47,-46,-96,-80,-47,47,-73,-60,11,34,-63,-81,
21,87,30,-11,82,-33,-83,-92,11,-13,32,72,64,-65,-21,-21,-57,99,83,-95,56,-61,44,-68,-46,
-72,41,98,-86,-5,79,49,-73,-93,60,-97,74,-60,39,95,-73,81,54,-42,64,58,0,57,6,59,
-91,-65,1,-92,25,74,-98,89,100,82,-1,25,28,16,-57,-69,42,-68,45,71,29,-43,69,23,27,
88,-31,-20,76,72,-6,-40,-40,-54,31,-45,-11,-17,68,-15,9,-67,-84,66,-86,-48,13,67,39,43,
-32,-77,-92,25,14,-26,30,-22,14,100,33,-6,46,-34,50,-95,22,36,-77,52,23,52,-6,80,-30,
59,6,-22,91,-86,76,43,28,72,-35,-88,-100,-72,-84,-86,-38,-56,98,-62,81,-34,-34,78,-23,-13,
9,-11,41,82,-96,-28,-39,-76,30,-51,100,-92,13,-7,-44,44,-64,66,-36,48,63,35,-36,-51,56,
72,18,32,-66,32,-96,-64,-95,65,21,39,-87,12,23,-39,17,6,23,20,-44,-1,-42,68,29,36,
11,-18,80,30,72,-41,100,-64,-43,96,1,46,-55,70,17,-94,-79,-29,1,-99,-41,-67,-92,6,-30,
87,-35,51,53,-51,-90,-76,64,4,65,20,-37,-13,39,-76,-29,-34,10,-38,-67,37,100,17,27,-98,
82,-76,-80,-63,-12,68,-39,7,64,30,-94,-65,-80,13,-42,40,-28,35,-27,-43,-86,-85,-95,-71,-46,
-20,55,-30,-51,-52,-81,-75,-34,6,-10,48,21,88,-3,-34,-19,-30,79,-83,-92,-45,-54,-92,14,-82,
40,100,72,-85,-93,-16,-29,16,94,-11,33,98,-68,-79,20,56,-48,93,21,-25,-3,-28,-94,93,-38,
-31,46,12,53,53,35,48,57,-72,-27,-43,-5,-94,-99,38,17,-87,-2,56,58,-63,-53,-72,25,-34,
-25,-90,-38,-75,-28,-23,-15,-78,-95,94,94,90,-83,72,-17,-27,-58,8,11,-95,-40,18,55,-76,71,
-66,91,85,-15,80,71,59,-5,-34,22,-58,-5,-26,62,29,80,-53,50,-58,60,-92,-83,44,-69,79,
17,-99,57,-80,19,-29,-50,86,22,-7,63,35,21,-62,25,-41,-11,71,-44,46,-5,61,100,-45,45,
49,35,-80,-21,-54,72,-1,77,-96,-71,-58,-88,30,-83,-41,25,44,-28,2,34,37,-70,-43,-36,-39,
81,97,-14,-50,-51,67,-25,95,71,93,-52,34,-89,-56,-76,8,40,98,79,14,-98,-98,-68,52,12,
-2,65,42,90,69,-11,15,57,-11,51,-96,-8,-98,-87,81,65,-4,-80,-85,-86,66,16,-69,-85,-89,
94,79,76,89,60,77,31,24,13,100,67,47,-55,-98,-38,-10,73,-76,23,40,-6,61,65,-7,-94,
-13,64,-9,85,-63,-87,41,100,29,27,-7,-26,-61,-51,44,90,-87,89,64,-35,-90,-85,12,85,-4,
43,15,29,10,40,-64,-85,-78,-30,68,61,-61,-71,19,-77,77,-70,-43,52,11,-13,21,-92,-90,-97,
-51,34,91,1,75,80,-21,63,-35,57,-77,-85,-92,76,-100,-20,22,-100,-17,24,75,98,-55,1,-67,
-62,57,60,-45,-1,-49,89,13,39,8,8,24,-7,-76,-78,-70,25,37,-56,-98,25,-19,-96,72,-61,
78,-99,12,8,-77,-22,78,-7,-39,36,-24,88,55,-52,-30,-70,-19,-2,58,-76,34,42,43,-1,-73,
45,48,-91,-90,27,52,38,-10,4,-14,-10,24,-45,25,83,-2,-39,-58,6,71,-93,-51,-26,-82,34,
69,-26,-49,-61,-61,-44,46,-71,-31,45,-12,-7,35,13,98,1,-74,21,-68,-66,54,-79,33,92,-14,
71,-28,-61,11,-47,58,-15,-9,-76,54,-73,0,-40,-32,-54,99,77,-88,85,-24,14,46,100,52,-60,
13,80,-58,97,30,-45,-74,-68,-68,44,46,-71,89,-93,-89,32,-93,27,6,-86,-69,58,18,-35,-71,
-37,-3,72,-82,55,99,-83,-38,94,58,-3,31,54,70,-53,-26,-35,30,40,90,-72,93,-39,-15,66,
-13,5,45,85,3,67,66,-44,45,56,-29,-7,-76,-32,60,43,41,-19,90,-96,82,23,70,-99,61,
11,-59,-26,95,-9,97,37,33,64,28,-56,100,85,-39,60,90,-2,10,-62,-18,44,-32,-44,-80,-63,
-14,29,45,87,48,-92,59,59,-97,45,-22,-52,82,-9,86,-28,79,44,100,-31,-56,35,50,-32,-57,
52,27,-71,39,-26,-72,96,89,-37,-58,70,48,-8,40,-55,-24,-21,45,23,-88,99,56,39,62,22,
-46,39,-54,-31,5,-66,-69,-76,77,-80,-44,-33,87,-81,-55,-23,69,74,-56,99,100,-12,15,26,10,
-38,-40,-13,-78,70,-62,98,-21,-98,-89,84,81,9,57,33,-31,100,-6,59,-99,-90,-19,18,75,49,
13,-9,-67,-90,-14,50,-38,-65,-27,48,-7,52,57,64,-50,-7,-97,55,-70,-23,88,-3,-80,-61,-92,
-34,-22,88,-33,57,-14,-47,65,75,11,-98,76,36,-44,41,-88,73,6,-7,-16,-60,99,64,98,80,
85,31,-32,-97,22,-32,-9,-55,-60,-22,48,-97,-45,-25,74,59,79,-21,-66,-56,48,75,11,-42,51,
67,-92,-81,-20,-9,-25,58,45,-34,-1,25,-52,-42,-37,52,-79,85,-60,41,93,-13,69,15,-72,30,
-70,-43,55,44,-74,-62,-34,57,69,75,-40,89,49,68,97,-60,-6,68,0,-91,-22,-89,-84,13,91,
67,19,61,30,-74,89,-69,-12,65,-36,42,-21,37,9,-22,-83,11,17,-72,-51,58,71,1,79,51,
-94,29,-88,-45,42,-18,-46,-2,62,69,88,-75,-19,-46,-14,12,-93,18,-24,-100,11,78,-97,-27,-97,
24,-68,82,-79,12,-84,17,-36,-53,-82,3,-82,34,84,2,13,42,77,37,-94,19,-20,-78,96,65,
-29,-10,-52,-85,-13,-51,92,75,-49,-2,50,-89,-77,88,34,-78,64,30,-88,-66,-63,24,82,-88,-46,
-7,-17,-48,-1,37,-35,-65,-32,69,97,33,36,-63,-39,-39,56,-31,-4,-86,12,-18,30,-54,81,72,
-65,-28,-2,47,-34,18,61,-39,77,-50,-88,78,-72,92,50,91,-94,95,86,51,27,-33,43,-80,26,
95,-26,88,57,23,7,-45,-80,-9,-39,-51,58,40,47,99,78,-23,66,75,-56,-16,58,-73,8,21,
96,-14,-31,36,-51,-8,42,60,-62,-99,-55,10,-65,36,99,-14,83,-10,-76,-100,53,12,-31,-14,42,
-19,-62,-5,42,-85,88,-7,14,31,84,15,35,-85,83,-89,-73,-39,-60,81,0,45,98,-81,99,-52,
-27,-6,-9,96,-52,12,-15,-71,-7,-68,19,73,0,-56,-10,-60,-100,-67,12,-25,99,50,-71,55,27,
-59,-74,0,47,-2,-98,-62,-10,79,87,81,-74,46,63,-10,93,-70,-7,-6,90,-66,-7,-55,71,14,
67,-63,-37,-100,20,-33,-88,31,-33,-75,57,90,50,73,15,2,-24,3,45,-20,-74,77,-22,-4,86,
19,-42,98,-74,-18,8,68,71,29,13,99,-43,56,4,68,-3,-15,-3,-19,-45,6,34,-11,54,87,
14,78,-86,37,-33,-83,-15,-83,-11,-17,-92,-95,-83,26,42,73,-72,-56,-32,13,85,78,4,-25,100,
-70,84,32,15,-40,-65,52,16,-76,62,-51,79,71,-3,-87,-37,-32,87,21,70,9,94,-73,-15,9,
-92,-42,-65,-73,29,25,23,20,-21,3,-40,-89,66,-70,89,-59,-59,-39,21,-21,-81,62,41,5,25,
51,61,-81,79,-19,48,-36,23,-84,-94,-20,3,-79,28,-62,33,54,48,-22,-10,5,61,-6,65,-79,
-57,-72,-36,18,75,-47,-79,-78,-83,87,-73,-48,87,66,-82,76,-17,66,-7,-77,-38,-24,-57,100,92,
-38,26,15,30,54,71,-91,-12,-10,7,71,-56,88,52,36,-58,-26,-23,44,90,-40,-10,83,61,-88,
-16,60,-78,-1,-39,-9,43,-15,-53,30,87,1,16,-35,66,30,88,0,23,41,-3,3,-97,96,-57,
99,88,-11,-32,63,47,-1,20,20,-36,22,36,-60,-40,-90,-86,35,-70,94,54,-3,-22,48,-22,59,
-88,-24,85,-76,13,-6,-8,73,-67,76,-93,87,-64,27,-59,-77,36,-72,-14,53,14,-3,72,44,33,
74,-27,-36,14,39,-97,33,-35,95,-78,-20,0,71,-10,-7,-58,-47,0,56,-37,91,-28,-21,20,32,
25,82,18,56,-62,69,99,26,-34,24,41,-58,-57,65,-34,66,-3,58,66,-11,-80,-61,85,72,-63,
31,61,-61,4,78,-7,24,66,41,44,-97,66,14,-91,42,-93,-53,77,60,24,-85,-94,-43,64,-4,
99,71,16,71,-58,-39,88,35,68,-69,-14,-73,-58,-64,-76,-15,57,62,-10,-15,-20,30,-80,13,46,
-98,-65,-69,-25,67,-49,-80,60,67,-94,-41,-37,-91,74,0,-16,20,-44,-85,57,71,-98,53,-62,-46,
-46,70,42,-27,46,19,25,-21,-95,3,-72,71,-1,-10,-21,26,0,26,-69,-56,-78,87,20,43,77,
66,-35,97,76,-75,-17,-94,-81,21,84,-53,98,-42,-31,-58,91,-16,-70,71,-27,84,26,-68,-46,-61,
-59,48,57,-57,97,94,-81,-77,8,-28,-48,97,-17,-25,-54,-68,32,-77,-71,73,-22,-20,70,44,32,
0,10,49,-13,97,99,9,-20,-42,15,92,-9,-12,-51,36,51,79,-56,-38,-77,-50,-78,-93,-25,-12,
-70,-72,97,-72,62,33,-40,37,-67,47,72,-42,49,43,-90,58,6,6,-15,-84,2,58,33,-69,54,
66,79,29,-1,-42,-65,-1,-14,2,-57,10,94,87,-53,73,56,3,-26,-4,-97,-50,25,-95,-98,62,
6,-55,-22,5,-39,100,-27,-81,-30,-93,-65,-29,82,52,-89,-53,90,57,-63,-18,23,39,-3,-97,-93,
8,-50,-39,-58,-56,-90,-68,21,48,58,32,80,7,9,78,-82,-99,-55,85,93,-14,-39,-74,-44,-40,
56,44,-2,86,-3,-99,-46,79,55,-12,72,-88,77,-98,67,92,48,9,-55,87,-96,86,-41,33,49,
41,-94,-94,53,-31,-90,92,15,-51,-94,-26,32,-88,30,-16,-5,-47,78,79,-67,-22,99,-53,-48,-32,
-79,-78,-6,-71,-51,95,-14,49,-72,-64,66,39,-60,-33,-51,-25,-13,-34,38,-16,17,-69,-66,-88,-43,
22,16,-25,-36,-93,-94,-43,-69,-60,59,-83,-3,28,28,-81,13,-61,-37,-66,-86,19,51,7,86,32,
-70,36,17,27,-47,-58,-82,-1,-70,-64,44,-72,-47,8,-17,-13,-39,-94,76,85,-53,66,-35,24,82,
-99,-69,-83,-42,27,86,52,-71,82,10,38,50,-29,26,-52,-65,-65,74,83,-24,-92,92,16,29,-38,
8,-3,98,67,62,11,-9,72,50,-94,-35,24,56,83,44,33,94,30,11,80,-12,75,-71,-30,30,
78,-78,94,-14,-59,22,-37,-59,37,93,-37,-7,49,-67,16,-44,23,41,33,91,-70,39,-85,-74,99,
-1,37,21,91,0,-27,-52,42,-65,-56,-92,21,-60,-60,-61,-23,43,-3,71,-26,-28,24,23,39,8,
-19,-40,22,82,28,-1,23,7,-35,49,-29,25,-79,-43,31,-73,-100,-54,49,80,60,-35,-6,-97,-58,
58,-26,22,0,-66,96,34,-16,97,-57,-30,-86,10,-32,86,-14,32,-32,-5,17,37,-66,9,-27,62,
19,-35,91,81,75,68,-15,74,-93,-5,32,-26,-2,-60,-61,49,28,-29,27,-77,8,33,-9,35,-8,
80,-86,99,-28,10,-9,46,62,-16,66,-9,64,24,84,-93,8,19,-72,-23,52,-40,10,22,0,-89,
49,-77,-2,55,-53,13,-45,-34,-92,48,29,16,-71,76,45,56,-72,-53,-35,-84,-62,12,-38,30,-19,
-76,-80,78,27,-17,35,24,10,-93,16,-4,-68,0,-24,44,86,-99,-69,25,-72,-99,-4,40,-27,-98,
-19,61,-68,-94,8,77,-63,-79,-33,-46,14,-96,7,-63,18,-26,53,-65,-100,57,43,12,28,99,-27,
-61,97,77,92,-10,-34,23,-41,63,35,64,67,14,9,67,13,46,38,68,67,-20,74,49,-28,99,
18,-78,4,84,-78,61,-40,-23,-100,-33,-82,-64,-80,0,74,-49,-18,-48,-8,-54,-14,-100,-5,-99,-68,
-40,4,74,-93,-94,25,47,-1,-18,-51,4,41,2,-76,-47,40,-35,49,-75,44,-81,-29,-46,-38,58,
-52,59,83,-61,26,2,41,33,-16,-55,-54,78,75,-27,-54,27,-73,76,9,40,4,43,-40,26,-7,
31,89,-67,-6,45,81,18,17,-39,-59,-2,55,-65,-54,47,-26,25,56,7,-72,23,-52,-61,-48,51,
-96,40,32,-89,-100,2,61,-79,-21,-61,-84,-25,81,86,66,-41,25,-51,-58,8,54,-65,93,-42,-91,
91,-14,84,78,-84,99,63,-7,77,-50,-71,-25,-89,-1,2,94,58,-85,-60,94,-52,15,86,11,-44,
23,99,-34,100,2,16,-66,19,-63,-11,50,70,-68,41,-64,-74,-17,49,49,-99,-6,-36,-30,-82,53,
-82,94,-66,54,22,71,-89,-66,-67,24,-77,66,58,86,-54,-67,42,-68,16,25,16,-45,-75,31,-33,
-61,38,49,10,-91,96,89,45,84,70,1,19,55,-60,94,71,70,72,-95,47,41,-80,1,-91,7,
-14,72,-9,-5,52,22,-50,62,-5,20,72,-32,60,-99,-31,82,75,-71,7,18,-97,76,-99,-16,8,
-76,-29,33,-71,-69,80,-51,34,23,20,54,-67,-9,51,4,32,-68,74,89,-89,57,-13,96,63,76,
67,93,29,-1,-98,55,-59,75,-41,49,-83,-34,96,-58,9,28,2,-78,28,16,76,-3,-1,56,88,
14,-54,-35,-94,45,-29,63,-23,55,-20,-36,15,54,-99,-59,-92,12,70,-97,92,-84,-21,-4,15,21,
21,-30,52,60,-6,-40,61,-48,50,-57,-54,-34,51,-89,27,-12,58,43,17,8,82,-75,59,84,0,
57,73,26,-82,-40,38,5,2,-4,99,-59,1,74,9,24,11,-79,-39,-31,-9,12,-89,42,97,-80,
-69,-30,-32,43,-28,3,-22,-73,83,0,94,-83,49,74,-34,-10,37,-9,62,-71,81,96,-15,-57,48,
-69,-4,87,-68,-13,28,-55,20,36,-10,64,63,44,-100,29,-34,75,-32,-31,-39,-13,80,5,-37,70,
5,-86,-84,58,-37,-79,88,-61,-56,-36,86,11,2,81,-89,-34,-11,-68,83,-52,-55,-63,-18,-98,50,
-70,-54,41,-78,17,-95,-9,-15,-53,4,-5,38,-22,-39,-90,-90,-62,59,-31,-76,-97,26,0,-69,-85,
2,47,-71,-74,-7,-50,12,3,30,5,-41,9,-5,11,-8,72,15,-17,-62,100,-47,-74,-35,-5,-43,
-80,-58,17,-30,73,-21,29,58,45,100,-60,71,-85,-44,-92,38,-97,25,-27,29,34,20,70,-14,-58,
-51,68,25,-60,81,74,97,-32,5,-43,-58,-73,-53,-89,85,37,17,-49,-31,83,-55,28,58,-20,-64,
-80,33,-21,94,-13,43,12,-97,-94,32,87,-26,90,-79,34,72,62,97,28,82,58,-34,-92,-18,-56,
-82,0,-71,-76,-46,40,79,-30,20,62,28,-54,54,30,66,61,-36,-69,51,99,37,-6,92,-71,73,
21,-30,-1,-25,-53,-41,-49,83,-53,100,-49,43,-24,-90,-14,12,74,-79,52,90,-9,76,38,18,-86,
41,21,-78,-4,32,-52,36,47,18,10,-72,47,30,-99,88,21,-25,94,29,89,-54,-100,94,42,96,
-10,-96,-49,-57,-21,97,31,-24,-46,-92,31,29,-35,-23,-56,-41,48,-15,80,46,-31,-78,11,-34,65,
-2,67,-40,-68,-74,83,-32,27,79,64,3,44,47,-85,17,0,80,-61,40,64,82,-37,94,-82,50,
-4,-78,56,44,-3,33,-35,-32,78,-42,-7,8,-24,11,-56,-77,-83,-89,-75,23,-49,-25,-76,-56,-68,
9,-6,-54,11,-60,-66,-22,-99,77,99,23,36,-38,3,53,68,-18,-17,85,0,13,-25,-40,92,13,
-66,-20,-7,-76,-18,-69,-66,44,9,-71,19,80,39,-6,16,96,68,-68,-37,-64,86,78,10,-24,-19,
-94,-76,-47,77,-46,83,46,52,2,-40,64,88,-50,-7,-49,-1,-12,36,-88,-21,87,48,63,-95,-25,
-5,-22,58,-36,-22,-14,26,-8,-86,97,-96,-31,-68,-35,9,-44,-58,14,83,32,17,84,-17,100,33,
48,-6,-12,7,9,-15,-34,41,32,22,60,10,-76,32,81,99,-4,23,-63,-16,58,-62,-20,30,81,
55,-18,-26,49,1,-23,-97,19,-50,84,36,-26,-82,-8,-91,-27,54,-10,93,61,4,94,-3,-94,20,
-58,-11,72,44,49,6,-71,14,-83,-79,72,-85,63,66,-30,-61,-19,-74,-63,38,-70,-18,9,-54,10,
43,86,-63,37,-92,-28,53,-36,-58,94,95,-76,8,-8,-48,-48,45,29,54,68,-50,-74,-21,-69,51,
10,73,-6,33,-6,-2,-26,12,96,63,17,-38,17,-1,50,68,31,-59,38,-98,-13,29,-66,28,-21,
73,89,-40,-20,-23,-91,-18,-92,-57,-59,-89,-100,-15,-3,-67,52,25,86,-73,-46,-7,-65,77,50,8,
90,-62,-47,75,-75,-15,-79,53,20,-100,17,-62,82,-68,75,68,-98,66,-2,-73,48,84,-35,62,-100,
37,-45,-84,-8,94,20,-56,50,-48,19,79,26,-79,-58,21,97,-13,0,-5,-7,24,-24,69,26,-8,
-65,30,-71,7,96,18,30,-32,92,16,87,-68,-50,19,22,56,-26,97,-51,-98,95,-47,81,-27,-51,
29,-59,-18,19,45,-55,-85,-59,-72,-13,37,-16,100,59,-9,23,-10,-48,-99,-49,11,-100,78,-23,32,
37,11,22,-97,76,-45,-73,62,71,9,80,-42,59,49,63,-94,-93,-62,-1,-29,35,-29,17,-12,-70,
65,78,100,48,-65,16,1,31,8,100,-91,89,-1,21,39,0,81,97,67,81,-18,-66,67,41,-55,
-87,96,31,-16,-78,37,19,23,95,52,11,62,3,8,-24,-79,-66,-70,18,87,-68,-15,-32,-26,-62,
81,62,-46,82,-82,23,15,-4,61,-62,-98,-91,-70,0,100,31,50,10,-40,80,67,-64,58,28,-87,
37,46,-95,53,-28,-83,27,69,-75,100,-98,-72,-87,91,-65,-3,28,-78,16,92,15,-99,-95,30,-28,
18,-100,-27,-58,-69,42,-70,-94,-55,75,36,15,-78,-57,79,21,80,-64,87,81,-89,28,-60,93,24,
72,-52,69,89,86,52,25,46,23,-77,-53,-41,86,8,-61,16,42,33,0,-17,-73,16,-99,-8,-88,
-76,14,99,94,83,-48,24,-78,-14,92,-93,-27,-72,42,-25,34,44,-84,-11,52,66,-22,-6,-75,77,
84,18,72,-17,-91,-45,-73,-36,-76,79,12,9,55,60,-76,-37,-80,-9,-30,93,48,84,81,57,-71,
82,24,-95,-70,94,41,-92,-78,-29,2,-23,-56,-62,-87,59,-30,-18,37,39,23,59,49,45,88,23,
-76,-81,-20,74,32,60,61,-69,32,57,32,-54,-97,67,-17,-46,55,-3,29,-54,-22,-88,31,39,-78,
-10,2,95,55,15,-12,12,53,40,-100,88,53,94,-80,38,85,22,-99,18,-94,-72,-4,-99,95,60,
20,10,-14,53,98,-8,-14,-50,64,-15,18,-60,96,88,94,56,69,-29,-98,19,84,-31,-60,-24,-79,
96,-72,-88,-82,19,68,31,58,-65,-83,-22,-34,6,-19,-24,97,16,34,24,-94,53,-8,-56,17,-84,
-50,-63,20,74,62,22,-78,-95,15,28,43,44,-92,6,10,-96,-92,-55,92,-55,-46,43,-90,-38,70,
-42,43,-93,-94,-79,-19,17,63,67,18,-16,-38,97,88,45,-68,44,-84,-62,74,-40,65,29,28,50,
-50,54,-36,-70,-25,-17,-54,65,73,-24,-97,-62,44,-55,57,66,4,-78,72,79,60,97,-43,2,52,
-37,83,52,-95,61,-69,-61,-83,-3,-16,99,22,-33,-33,-66,90,20,22,-59,-83,-64,-69,-43,-92,-61,
12,-94,-30,-92,-19,48,57,19,35,40,89,62,-49,-36,-60,7,19,-44,-12,50,77,55,-80,-17,-20,
61,-93,8,-97,52,-64,-84,-68,91,-31,57,99,-47,94,-76,32,54,-89,-31,16,23,-67,-60,49,26,
-89,-72,19,-58,30,-66,92,62,53,-27,-67,74,66,97,1,-62,-23,-79,-85,14,70,62,-67,34,73,
26,-93,-69,21,-10,46,-69,69,-46,68,3,-39,-100,35,-65,97,49,52,33,-37,-78,-35,-29,41,45,
43,36,100,59,55,68,-78,6,39,-53,2,60,62,-98,-20,-80,66,3,-34,-27,77,-65,96,51,20,
56,28,-42,-39,8,9,-42,52,44,97,37,60,53,-84,-95,30,-33,58,91,-61,93,-57,71,-69,-30,
-69,-68,-52,17,-2,-12,96,-97,99,75,-1,38,-39,-62,-82,-71,-49,44,-4,-50,99,-24,-99,-81,-66,
52,0,-84,80,17,23,-49,87,29,82,-80,-86,-7,91,52,-62,7,38,63,-93,-25,39,23,-86,-36,
-40,-87,-8,-22,-89,94,19,-16,96,-2,-27,-82,-73,99,-43,-21,-65,-53,58,-51,-32,16,-13,83,95,
-76,-59,-69,68,9,-64,46,76,-83,-84,19,-39,57,-12,-44,-6,35,67,68,45,68,-90,-14,-54,-4,
-27,-92,-8,-27,-63,20,-61,2,61,-47,-12,5,13,-31,91,1,66,-79,-44,-99,-48,-79,28,-12,-54,
-6,-93,44,29,57,-87,-25,42,-1,17,-7,76,46,-76,1,50,31,-96,-9,66,26,-18,17,-32,-28,
67,0,74,96,-77,72,88,23,42,73,44,4,-95,37,23,33,72,-89,-40,38,-48,-49,20,-92,60,
6,-51,90,46,97,93,-6,6,-31,-24,-23,48,-78,40,4,63,-73,-64,-59,2,85,67,-53,-59,-45,
44,-69,-28,-94,65,-19,34,-17,-56,2,-23,63,-58,-40,-40,-50,-18,-61,-70,-73,-32,35,-34,79,-100,
63,-42,51,19,-56,92,-76,3,2,21,0,-71,-35,-89,-85,-94,-2,-57,21,-42,70,21,-100,-61,-84,
9,-81,88,-31,46,-2,25,68,62,-55,45,-33,-12,10,-50,-35,-11,-55,-15,-65,-68,2,-30,37,-44,
-16,-5,-72,-59,-99,-78,-85,44,38,60,59,-39,-86,-17,19,-53,80,-8,-72,-91,30,52,-1,-16,56,
-77,93,-40,20,60,90,-82,87,-46,34,74,24,-67,-35,-90,-91,69,36,90,57,-99,-54,66,13,83,
-83,12,-1,-61,35,-35,46,3,1,90,46,36,23,33,81,53,7,95,-46,67,-5,-37,-16,-86,-24,
-84,50,-75,80,-95,-88,83,-86,-76,-87,17,-28,78,59,-25,1,-40,83,18,83,86,-35,43,-52,-42,
99,-24,-50,-83,54,97,-97,9,94,67,-65,-30,-48,-47,-17,53,19,16,-94,62,78,-55,94,19,-7,
-11,-60,-20,52,-36,-28,-22,-25,-38,-14,63,68,3,26,-59,96,-50,29,11,11,39,-29,-78,48,91,
-61,2,8,74,-48,37,-8,-32,-25,-40,-36,52,25,58,95,53,50,-11,-21,88,12,44,-11,-6,-14,
57,-83,-29,-16,17,41,23,99,-91,42,-82,54,21,-55,71,75,-73,-25,25,30,75,-71,7,90,48,
-3,62,0,51,53,37,-68,9,-56,-74,-82,-96,-74,57,-16,-5,1,-1,33,88,23,-65,22,45,-80,
-74,13,81,21,69,4,71,-88,-28,-8,31,71,-60,39,-72,97,-14,-72,-73,-48,-58,30,18,-91,22,
72,-81,3,95,45,-63,-43,5,10,-96,74,85,17,-19,-67,-10,-4,9,86,55,-14,-59,-54,3,-60,
59,8,19,-4,78,-14,66,-60,-4,2,-48,-34,-22,-51,-62,-3,6,-19,72,43,3,42,-63,-19,28,
97,-51,39,29,-32,35,-100,35,-92,-51,-34,-11,-67,-75,36,-49,34,-40,-52,75,93,-1,67,-48,6,
11,75,-29,8,-29,95,93,2,6,-58,43,-79,-44,28,55,22,92,34,-3,28,79,-74,5,-100,99,
95,-62,-83,-35,-40,86,-74,-22,-31,36,83,-34,-56,58,-16,83,-34,-41,22,-39,-4,-7,-55,83,-11,
-38,-31,-100,30,23,-82,63,60,4,86,-25,-47,-42,89,-100,-48,-83,40,-56,83,6,43,33,-60,-3,
74,-7,-29,47,-10,-51,97,-98,31,4,-89,3,-28,45,44,26,-86,-24,56,-81,-66,65,15,10,55,
-48,-84,-43,65,-96,20,27,86,-6,-75,38,-95,82,-77,-51,-93,26,-95,-18,53,75,7,-61,-13,-44,
-51,16,-76,-65,-14,26,26,47,7,75,94,-15,-98,-96,95,-42,15,94,-38,42,58,-38,-19,-54,59,
77,-81,-39,-27,-62,98,37,99,-61,-8,28,-3,51,32,17,-46,-53,44,85,23,-64,-74,-12,-73,-8,
-21,27,28,-50,-30,96,-45,96,10,-66,43,65,-13,41,2,-10,-54,52,-80,81,-62,19,-27,-68,1,
-95,-58,68,13,57,37,35,5,-79,-38,-91,-99,45,-97,-77,-91,-6,2,75,-2,19,-42,-54,-6,-4,
49,23,-12,97,-55,-44,77,58,83,-91,1,-22,-54,-74,100,3,100,70,19,44,-92,-7,73,-47,-8,
9,32,5,33,-61,76,93,47,80,37,65,20,37,-100,-34,35,-18,-92,-69,25,-14,-37,35,37,-56,
10,27,6,71,11,96,-38,42,-72,30,-22,-20,56,-85,-48,97,-26,-17,87,14,55,-48,-27,6,79,
95,-23,26,66,-85,-65,4,-27,31,-17,26,22,74,4,-12,38,60,60,7,-64,-87,-60,-63,-7,85,
51,-10,-87,33,-54,-53,34,-28,26,-9,30,-33,9,96,-100,26,-40,20,41,23,-99,30,71,-52,93,
27,-70,-67,-9,-69,91,-58,24,51,7,-24,-82,-34,72,97,10,83,60,-26,-33,-15,-51,-1,-46,-68,
37,59,-80,11,-65,-86,-29,23,89,-89,-29,-7,73,8,-75,-79,2,81,-64,79,10,67,-46,39,-75,
-35,-4,-51,-17,-85,-37,96,72,50,-37,45,-89,26,68,12,-98,-85,-88,65,34,25,-3,18,-43,-84,
-51,-42,30,59,52,-58,-9,92,46,88,100,-75,28,22,13,22,6,-8,58,-85,-27,67,-88,7,69,
-15,42,57,-79,35,-63,26,58,51,-32,29,-87,96,-53,58,48,38,31,49,57,1,-95,-66,-33,56,
-1,-98,1,38,30,-49,53,-28,51,-93,-88,-36,-94,-98,63,42,-3,30,97,14,96,89,-4,54,-25,
-98,41,17,92,-11,-11,-15,-44,40,-8,43,-30,-6,-42,91,-30,49,2,-83,81,-32,35,80,-32,32,
-71,44,-75,100,-42,44,-48,15,-29,-99,-46,-92,64,-42,-46,-71,29,-53,-44,-9,72,31,-93,-65,9,
-80,-88,-68,-99,96,81,97,74,-8,-50,64,88,74,95,74,-45,-43,-55,58,-82,-31,-30,1,46,72,
-80,3,-48,-30,63,33,-54,-37,26,51,-61,38,-28,58,44,88,40,-81,87,-85,10,-90,34,-93,-59,
72,42,-7,-43,-89,-93,-11,86,-62,-91,1,65,84,5,14,94,12,42,53,-69,12,96,46,49,-19,
-96,31,-72,-20,-66,-77,86,-19,-74,55,-86,18,24,-58,45,-79,-97,-67,90,-71,-5,-96,-42,77,91,
73,83,-95,-71,-28,-94,-62,93,89,69,15,46,-75,56,-100,-100,-68,30,55,93,56,16,-49,-10,-79,
-73,-74,-7,72,-57,49,-54,-46,92,-10,70,-35,-9,61,-57,14,44,-23,64,-87,-78,-46,15,52,21,
-1,77,-80,45,-16,-19,-90,89,-76,9,63,-33,-10,9,-68,94,18,-98,-41,21,40,-68,-19,89,-11,
-36,-32,-74,74,-63,29,95,81,46,-80,-12,-38,6,10,-4,74,56,58,46,22,-23,61,-53,58,-66,
71,-69,89,-41,-66,65,-93,-54,-63,-52,73,-8,-55,-94,-14,74,82,-8,65,-56,-62,-74,48,-13,2,
-66,-78,92,-80,2,-91,66,-77,-35,19,20,-3,97,78,52,84,-95,3,-51,23,90,-46,90,6,-53,
-44,48,87,-68,-39,-59,-93,-77,-46,-77,-24,51,24,40,90,48,39,-60,-38,-63,-16,-44,26,-74,40,
-71,88,38,65,25,95,-54,48,91,13,19,-12,-51,58,-29,47,-58,42,36,-25,-54,-47,-21,74,-6,
32,-41,77,86,89,15,-16,-62,19,-53,-29,-14,-6,13,-34,8,0,94,20,52,-65,81,-100,-63,-60,
0,-98,-95,-11,63,-97,77,21,-28,95,56,45,-10,-44,79,-97,20,78,-96,-22,86,91,-39,-53,23,
-9,-20,63,78,49,-86,81,87,-60,59,-31,42,78,-40,63,75,18,-19,-81,6,-97,-11,-34,-18,-94,
72,-35,70,-23,-56,-29,22,86,-55,-53,-82,46,42,26,-66,-86,85,78,-15,42,-91,44,-69,-37,21,
-70,-38,1,-97,-95,-55,-89,-51,60,-53,68,-91,47,-67,8,38,1,-91,-44,-25,77,-82,-10,77,5,
68,1,-19,-74,-26,-42,-23,-3,80,61,51,8,-49,33,8,90,60,-11,0,0,2,-59,95,18,6,
72,38,52,-59,-70,41,-91,10,36,78,0,-9,69,89,81,30,41,-34,21,-1,-7,9,-44,-67,-32,
84,-53,41,64,70,-86,11,84,-81,74,-28,-99,62,98,-89,-96,39,-21,34,90,-19,48,73,5,91,
44,-38,44,-7,-11,-4,-47,49,-18,-23,-91,71,86,20,29,36,62,-25,-5,36,18,-17,-91,-64,73,
-88,-8,4,10,-9,93,-11,87,35,-8,21,-40,27,-48,66,11,60,-18,51,74,57,40,-44,24,-4,
45,-84,-9,-61,37,-94,7,-93,100,32,93,-100,-70,3,99,60,91,-68,-47,40,-88,-61,-62,-70,63,
-27,-100,-53,-25,-58,-42,-14,57,88,91,-23,67,-65,-91,-27,55,-56,22,46,5,-31,-99,56,-57,87,
-8,-32,-20,-14,-8,64,76,-79,12,56,97,-47,-94,-18,-10,89,-93,16,54,33,-94,-92,-37,-26,99,
-31,-65,-70,-92,-41,-64,-68,23,-75,52,59,10,24,-7,-64,42,91,78,13,58,-29,-49,28,-76,81,
-19,59,-23,-35,-61,-60,87,23,-4,5,40,-33,-20,-87,63,54,-54,35,58,84,-49,-51,-75,76,-33,
46,64,17,-69,-58,72,41,-12,-62,-79,20,76,39,-63,99,-53,51,21,56,-79,94,-62,-82,75,-93,
12,-90,-50,91,-3,99,-77,17,0,-27,14,88,-65,-4,-91,29,35,-51,59,23,35,-47,-90,43,-67,
-16,-74,-27,53,-67,29,46,24,70,21,-54,-22,-33,56,53,91,46,-76,93,-43,63,99,-24,46,2,
64,44,15,-49,-96,-70,-50,-13,-19,-76,-8,-78,23,-9,-100,45,-71,-62,-50,-2,95,-91,-26,5,45,
-21,-70,60,-92,23,-85,-69,-4,-75,17,-94,-22,-71,14,-100,-95,-32,-50,81,98,42,59,-35,35,53,
-25,60,60,-83,-7,-7,81,2,39,-53,-39,-47,-10,75,-45,55,55,-67,-97,78,55,-86,-58,17,4,
53,78,13,-45,67,92,43,-12,-51,-92,-72,-90,-21,-66,-97,-57,62,18,-53,-26,40,3,-100,68,-99,
4,-70,10,78,-40,13,-99,22,43,-62,-10,94,64,30,49,72,-11,-57,60,-92,-19,89,-92,7,-9,
13,6,51,3,-46,99,-48,61,72,-31,-88,24,-19,1,-81,8,-6,23,-57,-26,-71,-89,6,65,88,
-74,3,-93,14,33,-62,-41,-69,98,78,10,97,42,-86,97,-92,-77,41,-15,77,-76,-72,58,-36,-70,
-97,-39,-81,-99,-78,-51,62,-57,-91,98,98,59,-99,-32,85,29,-55,-66,-69,-79,-14,-68,-56,1,71,
-58,47,11,28,-7,91,17,75,32,-5,-85,-14,-89,-52,41,-15,29,-6,-4,73,41,83,-82,74,-95,
-96,50,11,-70,-83,-2,39,19,89,36,-80,88,93,15,88,-31,-92,70,-36,-63,-6,0,48,77,34,
71,-8,22,41,28,-14,6,79,2,73,1,84,-6,15,-50,-78,75,-8,99,-11,92,-40,80,92,-19,
64,68,91,-47,55,-83,44,-63,-43,-72,98,-44,59,67,-45,76,85,57,57,-32,66,56,58,-59,81,
43,85,49,49,2,19,42,30,92,-62,2,-12,92,61,-30,60,38,74,70,-62,20,48,-35,100,-79,
42,-53,-20,63,-27,-37,-99,73,53,-79,31,-97,-94,77,19,-39,-96,77,91,-25,-12,-41,-79,-19,-58,
-90,97,-35,93,-68,-40,36,-65,-42,-54,-39,-2,-66,-9,71,-56,21,41,36,-6,-7,-64,67,15,-43,
90,-51,-47,46,91,21,-26,0,-49,54,28,-73,-30,29,-93,-96,-96,17,52,9,61,96,83,39,37,
80,-84,-79,-4,-69,43,-58,21,82,39,-44,21,44,-5,-32,31,75,-53,6,-41,75,5,52,35,-42,
-20,13,-84,92,38,76,-34,-95,62,85,100,15,-77,35,-92,13,-23,-24,-80,22,79,79,52,-92,78,
-90,-31,-35,43,44,33,81,56,-95,-12,-48,-56,45,11,62,-44,19,-69,-61,31,61,25,-4,20,-73,
-16,56,94,-25,-60,-55,30,38,-22,-20,-96,-32,-81,-82,-72,4,67,50,-71,100,88,80,-100,-80,-27,
24,64,16,-36,-9,15,-25,41,76,84,-67,-35,-41,24,-82,0,9,-14,-1,-68,32,82,10,-79,-39,
57,-74,28,21,-18,-59,-60,-57,-1,-3,-97,-78,-40,-100,34,-78,-42,-79,15,45,-14,39,25,79,58,
4,3,-80,44,2,6,-79,68,23,3,28,74,18,-17,84,16,100,63,31,-34,44,-80,-47,65,-74,
-11,-76,-28,-28,30,77,-95,-80,71,95,54,19,-1,65,-10,85,-62,14,73,88,-87,89,-31,-39,-88,
94,45,66,6,-50,-34,35,33,4,63,-48,-21,90,47,-11,30,72,33,73,88,42,97,-21,-23,-82,
74,-3,-60,95,42,19,-19,-17,56,-64,-13,-23,-91,-22,34,0,79,-91,0,-71,-22,-32,-93,-10,-91,
96,-64,85,-71,78,15,-55,23,46,35,55,-97,-93,-96,57,-70,-23,-7,86,41,39,-88,-22,-17,-59,
50,-79,90,-1,88,-62,-49,-86,-56,39,75,-72,-52,66,-25,22,-95,7,-64,-25,-25,72,54,95,-77,
51,65,-90,-24,49,-64,0,98,96,21,-95,100,3,0,-33,-17,-58,-51,-72,-2,-43,-40,71,-100,-28,
23,-55,38,-67,73,-40,-7,29,57,28,-85,-74,96,-27,7,-30,30,-62,66,40,9,38,-10,-69,1,
-54,32,0,63,62,-29,60,-49,-17,86,79,12,85,22,-10,-49,-3,-82,-44,-30,-83,85,-45,46,-89,
-38,54,98,85,26,35,53,40,23,-28,-33,28,11,-57,-19,70,94,32,16,86,-26,6,-94,-54,-30,
43,70,-63,22,88,47,-22,-22,9,-61,-52,-59,44,-32,-29,1,-59,54,-37,7,42,78,-24,67,-54,
-97,-46,56,-18,28,-24,23,-98,-48,-73,-46,-61,-84,-50,52,91,-24,40,16,-71,17,-75,45,56,72,
42,-34,32,-95,95,10,-23,94,58,-100,-7,-24,85,4,11,20,-99,-31,-40,20,-90,98,8,76,-93,
95,76,58,17,-83,-60,-99,37,-41,7,-59,-25,-26,33,-9,50,16,99,32,-68,-55,88,19,-62,-20,
88,21,10,-92,-62,-55,-2,54,-82,-37,-45,-16,-17,-49,-34,31,-85,47,8,23,-45,-2,-40,73,74,
89,-8,-59,-88,-72,5,-59,-51,-44,-83,-96,-86,1,-64,-34,-8,70,97,33,83,96,-3,-21,6,60,
-27,15,-63,-62,-56,-1,-81,-30,-17,90,81,-41,63,42,-29,-41,48,4,11,47,97,-64,36,-76,7,
-73,29,40,-92,-93,-57,95,-19,25,13,53,-84,24,-14,-96,-8,-44,1,40,-59,80,43,-14,-4,93,
14,98,-1,99,-85,-55,-43,2,-49,-16,-73,-7,34,-36,28,-89,87,2,-18,19,-25,-14,-20,72,71,
-88,-7,63,-24,42,-51,-38,92,-30,99,20,-11,87,-65,49,-96,58,72,-75,69,55,-5,-16,80,5,
16,41,52,91,-30,1,94,-35,-28,-42,-76,-84,1,-2,6,67,-59,-74,-53,15,-68,1,-92,-94,52,
-44,-69,-71,-33,23,-71,-79,31,27,46,-24,28,-53,-14,-23,89,0,1,4,-99,88,-33,-25,-84,89,
-51,-61,-47,41,-71,-100,6,37,-74,34,32,28,-8,-23,-53,-16,53,93,-32,32,16,-2,41,-5,-1,
-2,-50,27,28,-39,36,-90,31,4,-49,71,-22,89,-34,50,-41,74,62,-10,51,81,49,-10,-22,75,
-94,-100,28,36,74,5,-82,-81,-20,-49,-20,80,42,-4,6,36,-24,54,-61,35,-24,-16,-4,-52,-29,
84,88,33,-54,80,-18,34,-60,11,-36,-60,59,10,36,56,39,58,-67,-24,3,-31,-6,-49,-88,12,
-41,45,87,-96,76,12,-46,79,-7,-20,67,93,-37,-99,16,-54,10,-64,-47,-51,94,98,97,-97,95,
58,41,59,-62,-80,22,52,-20,70,-9,-32,2,32,-96,35,58,-47,59,19,99,-39,-21,-90,34,51,
41,-94,-80,-70,68,-1,-12,5,-15,-7,49,-59,-27,46,-71,-95,-43,-19,-19,29,6,-52,90,-85,-24,
-61,-30,-76,-79,-55,65,45,-15,-95,-77,25,53,-71,-31,53,-85,18,-60,66,33,-67,-52,-77,88,94,
98,15,-87,-5,-84,-22,-35,24,97,-36,-56,-66,2,91,23,11,70,-16,-64,-88,29,59,34,-42,-55,
-56,-56,39,31,-8,25,-41,27,-89,52,-77,67,31,-11,-25,53,76,78,28,-36,-49,19,41,30,81,
20,88,47,99,-31,-36,15,19,-42,-45,-97,-29,-60,10,48,-86,-47,37,30,-46,60,22,94,53,-37,
-98,-22,48,-83,76,13,-35,-2,98,-70,-57,-88,-99,-48,-71,57,41,9,65,-30,51,32,-57,19,-17,
-100,74,48,-31,-36,40,47,-10,-53,45,-5,-67,20,-46,-78,-7,-95,62,41,21,-69,72,-62,-67,-64,
-63,25,80,-67,84,-92,-16,-99,58,5,36,21,-52,-18,-3,-33,60,-42,-57,81,-10,71,37,-59,-93,
-39,71,43,-24,32,-19,-41,-69,7,-87,14,-36,13,13,41,64,-37,9,-19,1,-7,-62,-84,-2,-94,
87,-90,-63,-17,-75,25,-16,-98,-6,-12,78,22,90,-43,-36,-55,50,-91,28,53,-80,38,-86,-57,-18,
-15,87,-3,-34,-55,8,-19,-23,-93,-63,20,61,-75,94,22,21,-61,-90,18,-18,52,64,40,-69,37,
89,57,-87,-52,-70,-52,9,-6,-52,86,59,41,65,-75,-83,60,-82,-16,-7,-95,52,-87,33,98,95,
23,-73,85,86,-27,42,-65,31,74,12,-98,93,63,-60,37,-70,-73,53,-9,72,-61,97,51,48,2,
-37,-81,58,-74,86,-74,-3,-7,-18,50,79,35,-90,-37,-9,2,82,39,-93,-71,-21,8,-46,-40,-8,
-77,-9,90,-99,-32,-54,-11,63,63,13,-8,-51,25,33,58,-46,-86,-34,-96,-3,-92,42,65,32,55,
56,91,-78,54,5,-82,69,-9,95,67,34,-85,45,-40,94,6,1,-49,5,-74,45,-78,-28,56,88,
-43,84,-26,98,-4,-7,-52,-8,-42,-42,-41,-48,99,-76,37,-64,-100,-68,-19,2,-21,51,-21,-32,-52,
60,44,69,-16,30,-19,53,-28,94,-34,28,-27,-90,-14,-23,39,-84,87,-70,-51,49,0,-90,14,-50,
-52,15,1,-52,-58,-39,78,-82,84,-22,34,-8,61,1,-36,29,3,46,64,8,-48,65,46,60,93,
-60,66,-61,10,-89,40,44,21,-65,53,74,-90,70,82,28,56,19,-90,19,-51,84,-27,-81,-3,-7,
-88,-13,27,17,-36,-14,67,-21,99,3,64,-9,-66,10,39,95,-87,33,56,69,70,68,62,15,56,
49,-88,45,-83,1,80,-42,2,29,1,25,51,76,96,-66,65,28,-10,-80,91,41,62,-36,-73,20,
-31,80,-69,78,18,77,-40,10,-46,72,13,57,69,97,-59,-66,-88,-89,-59,85,80,-6,84,90,58,
-7,0,73,86,34,17,-66,52,66,-86,16,9,-86,64,-18,40,-51,3,-76,-19,70,88,29,21,-64,
88,50,-96,94,53,25,-44,80,25,-99,33,-69,74,-78,11,-49,-46,16,-15,66,2,-8,-84,86,55,
85,-84,48,-3,-12,-40,79,1,81,-6,62,5,99,-66,81,61,-54,26,4,-39,-43,-14,83,71,22,
-72,-72,96,6,-57,37,65,100,57,-23,99,40,-79,33,-63,62,-30,-46,-38,-62,2,32,-94,81,-72,
-14,90,-47,34,7,5,69,-83,48,-54,4,7,-96,36,41,87,6,2,-12,65,-73,76,-52,-92,-98,
-97,99,-11,100,-69,3,-75,-14,-4,-34,41,38,36,-10,65,73,-79,6,1,-67,4,69,9,-8,-62,
-49,69,46,-13,67,81,-73,96,58,-23,-14,50,-16,-78,62,6,-24,93,-4,80,78,-4,3,96,-19,
38,81,-53,46,7,46,-79,88,0,89,61,-86,-91,30,-69,-10,80,-79,-16,53,31,56,47,-47,25,
-13,-30,67,-96,62,-18,-99,79,-14,37,-98,-15,18,-9,75,73,31,-89,-43,-49,-96,79,67,-54,-35,
-53,3,15,-72,91,13,26,50,-76,63,-49,13,-32,32,50,65,22,-60,9,30,42,-24,-66,8,-10,
-21,95,-38,89,34,69,47,4,-59,39,43,56,-47,-22,-56,35,-89,85,-54,40,-31,-88,47,64,-63,
34,80,-82,-31,83,69,34,-68,-69,-14,68,-80,-94,-86,56,9,18,54,26,22,-56,-91,55,-56,-92,
-88,-80,-40,-69,95,-10,-15,-85,4,57,54,-87,92,-82,-15,51,99,12,-23,-32,73,-44,44,20,-54,
-61,31,44,12,48,26,20,-27,-63,77,45,65,-41,85,-75,-35,-14,27,1,22,94,-74,-92,-92,-12,
-16,-37,26,-5,14,-28,-74,-60,89,-71,12,41,78,-57,53,0,-38,-69,-3,93,21,-11,-7,-27,-19,
1,-24,-26,61,5,-85,43,-48,-47,-83,19,40,14,15,0,32,-3,-77,42,95,36,5,-79,-63,29,
97,-37,-2,84,42,91,25,0,57,-81,-90,98,-52,-38,36,-71,-80,-37,-7,-85,41,6,-70,1,39,
2,1,43,77,91,-70,48,98,9,-52,0,18,67,-69,29,2,63,19,-72,-36,42,-62,89,20,77,
32,31,-10,-41,-64,96,-50,-53,41,-33,-54,84,15,43,-30,44,56,-22,68,59,42,-34,-23,-22,-4,
-79,-75,71,33,30,-49,8,64,71,48,52,61,39,30,10,1,93,53,-64,72,22,2,-100,-92,-54,
24,64,65,18,-42,0,23,8,90,23,25,-89,34,-72,42,-35,57,-55,87,-23,66,73,-10,73,46,
54,-96,-82,76,-83,3,-17,31,0,-24,89,-83,27,-47,-85,-22,11,-17,68,58,18,90,90,-89,-68,
-83,-24,53,-36,29,17,82,23,38,100,-22,-40,-63,43,-85,76,-43,59,-68,-62,61,-69,58,-50,52,
36,-46,0,-39,29,-83,98,16,43,83,17,5,4,-7,-33,12,-18,1,-67,-95,-6,42,-23,-10,-75,
-93,-71,-53,91,-2,-71,40,-96,42,-31,32,64,-11,-86,-41,-4,97,25,-10,-68,1,63,-86,-2,-87,
79,-24,74,-89,-100,94,46,-27,21,86,29,-4,-2,-2,61,38,-69,69,-12,65,86,-97,76,38,22,
21,-2,97,-66,57,55,95,68,24,60,-7,41,58,77,-64,-14,81,64,76,-93,54,58,-99,38,-72,
98,61,76,-39,-53,15,-49,-58,-34,19,-89,-67,47,73,25,97,3,-45,87,-25,-61,-30,-59,-87,-14,
-52,-32,99,-56,-51,-81,-98,-33,-70,-66,-71,95,-44,-43,-44,-84,58,-72,34,-82,-68,-9,-13,-22,-75,
-81,26,17,44,25,2,42,-92,-86,-67,2,84,28,21,42,-19,-89,37,-81,-59,-81,-48,35,94,75,
83,-26,-23,-68,-63,-51,98,61,-8,-21,97,16,-7,11,36,78,59,-55,-87,-29,-41,-83,-67,67,-4,
10,-89,-93,75,-82,18,87,34,93,2,-71,-6,-51,-82,-19,-6,-5,59,8,-75,29,78,-76,26,89,
84,-95,6,-60,91,12,-36,32,62,33,-74,-11,-62,97,-59,28,40,7,-45,77,-72,-41,0,13,-45,
20,76,-34,-8,1,-62,68,-16,-26,37,-9,2,59,16,39,61,19,66,23,-35,-82,-67,78,-54,6,
-89,-51,77,-54,51,-8,13,50,-87,-13,76,-10,-45,28,-72,-1,-7,-10,-63,-7,76,87,53,12,37,
-81,84,-3,-80,-15,-30,-62,-17,-60,86,85,18,38,99,-66,-93,-81,47,30,99,-26,68,-74,10,87,
53,-96,8,-8,87,69,90,3,-99,-16,-6,3,68,-15,98,-43,-4,29,71,-53,62,41,73,-88,11,
-64,22,31,58,-36,73,17,-36,95,67,29,-71,85,80,-83,98,-18,19,45,-64,79,12,55,-37,19,
81,7,-96,61,30,97,36,-4,-88,63,22,-18,-51,100,-72,-7,-94,19,54,-60,-25,83,-24,24,69,
46,4,81,-18,-50,78,-80,-69,-55,-87,-5,58,-21,61,59,-78,64,19,6,58,52,-92,-7,54,24,
8,48,-24,-38,31,8,91,-32,-13,86,-80,-36,-9,96,-36,-6,-87,40,94,-97,10,-99,-70,-51,53,
-92,16,37,-40,-97,85,-38,73,61,94,44,-25,68,81,7,3,-71,6,63,-36,-96,-12,56,-69,-46,
-56,36,96,40,-77,-30,34,66,-79,-65,-93,-79,63,-5,31,-16,52,-88,63,-39,-25,-58,47,22,29,
-18,-27,40,-87,72,38,-59,-66,12,-82,16,-32,23,-13,-52,-86,50,28,-42,89,-22,-13,2,-65,55,
85,-15,8,50,-25,78,35,-99,-16,-75,10,52,-60,53,14,23,-86,-23,-51,47,65,75,-36,-23,81,
54,-90,-22,100,99,-30,-96,62,55,-63,98,-40,-25,-90,-7,-61,68,35,-44,-83,-91,-88,52,98,87,
-52,53,47,-43,5,21,-55,-66,-14,19,10,48,-1,-44,-98,-82,83,-94,43,-30,-32,80,10,64,33,
-19,-5,-3,94,-1,42,22,-63,-59,-97,-89,-71,-79,-93,56,65,30,81,58,31,81,13,-70,-21,-55,
9,79,16,-37,10,2,-42,9,7,74,-39,-82,72,6,63,-37,93,47,-65,-82,48,98,22,79,-15,
67,-51,7,24,-36,-49,89,15,17,-21,-40,-71,38,-30,49,67,59,66,-71,-67,-20,1,-95,-32,32,
90,-12,31,92,-93,-92,-40,-47,-19,8,-92,-22,0,-83,37,62,-90,-85,-78,98,1,-47,7,25,-44,
-52,-77,100,93,75,-23,-63,80,-37,-51,-56,48,-48,51,-99,83,-54,34,76,-100,19,-83,-36,-49,12,
-26,-41,41,68,89,-21,-10,90,-97,81,7,-38,-87,-48,94,19,16,99,-86,60,-77,-30,-15,-71,-9,
66,31,-14,39,93,-76,-81,17,75,-98,-44,-28,-3,35,46,-30,68,38,99,-87,29,89,-45,-40,-3,
100,49,-79,24,-44,71,64,20,43,19,89,-79,37,81,-78,-51,2,67,-36,89,81,28,7,-2,-35,
-10,4,-50,-25,35,75,-79,47,-84,89,-32,17,63,23,82,26,74,-92,-100,62,-11,96,-25,-33,66,
-77,-30,-10,-66,-99,-5,66,1,-1,31,57,-33,-85,34,-1,-21,-68,-56,31,-38,60,9,12,-89,33,
20,-74,-36,50,-28,8,-85,-61,79,-42,-59,-66,-3,-70,-37,-4,80,-76,-42,1,-42,51,-83,59,-73,
-100,73,-46,-61,-32,44,-44,-96,-69,49,28,-76,-27,20,-23,-73,70,-91,37,75,-78,79,65,57,3,
96,69,54,-38,1,94,90,-26,48,65,-24,32,86,-53,-40,28,-33,54,32,-36,62,85,55,53,69,
-77,31,-86,-93,42,-9,70,-100,-79,24,81,77,-71,58,-75,48,-83,-53,37,45,34,46,-73,5,-17,
5,37,-40,-69,-72,90,-35,89,-64,97,-57,-80,33,6,-75,-57,-73,73,-26,-94,-6,-21,-98,-38,-63,
33,-24,46,42,11,97,35,-75,-92,-78,43,-70,-27,-61,31,6,-31,-30,43,74,80,-94,-100,69,-80,
-72,-33,17,-82,93,-76,-11,37,-80,69,50,-67,85,68,97,-99,10,-76,-52,62,19,-9,48,9,22,
-71,-91,61,-87,-95,96,15,79,100,47,39,-24,-19,-9,42,-47,58,-7,14,-63,93,-37,-3,1,-66,
52,93,-64,-84,-37,68,52,26,-48,-85,64,-28,-32,-21,-77,46,-57,79,86,77,-36,-7,79,-81,88,
32,89,77,-26,24,-30,43,23,82,-86,-9,-82,-48,20,81,-1,39,24,-12,-11,24,3,-87,61,-54,
78,65,51,-69,74,88,72,-93,83,34,-97,5,9,35,-28,41,-22,-10,-87,16,-57,81,50,-93,-23,
-31,13,-7,-7,-8,-97,-23,43,94,-5,3,-71,-13,54,-69,100,9,25,89,-32,-45,10,78,-72,-99,
24,-45,-54,-66,18,-77,34,86,-45,-60,80,16,-5,41,-23,6,27,-21,-54,-22,-30,-17,27,93,-6,
91,-55,-49,-52,-87,-48,-28,91,-42,90,53,-38,-13,2,25,-71,-59,-21,51,-54,67,-48,-1,43,55,
-26,92,58,1,-37,90,73,20,-19,-3,65,81,38,17,36,-99,-4,75,91,96,-50,-89,-2,-61,-97,
11,94,-21,63,86,79,-55,59,-2,39,40,-78,11,-22,67,-95,-27,-8,92,-28,-39,-32,-91,-49,-46,
-3,-67,90,-17,92,-24,68,8,-74,52,62,-29,-9,12,-26,10,-25,-78,68,-33,63,19,56,-75,23,
93,55,-11,72,10,54,-75,-80,-15,-64,-90,-64,-90,91,-25,-59,-86,-81,82,23,-48,-29,-18,-28,-57,
48,90,-32,95,-20,-71,-13,74,-63,-75,-16,95,-60,91,-77,-68,-50,-78,13,63,42,28,-15,-69,-65,
-95,-15,-1,-38,28,15,-49,4,-95,16,-96,-39,84,100,31,-26,74,3,84,6,32,68,39,-46,39,
-86,56,21,-2,22,37,61,89,63,93,-36,-58,-99,44,-8,-61,-78,80,-14,-91,72,-79,62,-57,34,
96,-41,94,33,100,75,41,-9,-70,-3,-98,-56,40,74,39,41,-88,34,-1,-50,-60,-31,-43,-58,-27,
33,79,1,-73,29,77,-30,66,-37,-54,98,-2,-33,-39,87,52,74,40,-51,-21,28,45,-85,31,-93,
87,-41,-43,45,-45,45,36,48,49,27,15,15,-34,66,-76,61,66,65,-88,-36,-43,20,45,64,64,
18,-39,-10,-11,-91,83,39,79,100,27,99,33,-86,13,-5,-28,50,93,10,24,-24,-34,-53,-10,35,
88,-46,-48,54,20,-59,45,-46,84,-96,-67,24,-13,86,48,46,-92,7,-48,37,12,-53,-30,-17,-25,
-79,-61,6,-59,-88,-3,-58,7,85,-84,59,-21,-100,54,-21,52,54,1,-42,-91,44,54,-8,-13,49,
-6,-44,-58,-59,-22,14,92,-97,-11,73,-16,-59,13,79,-30,93,-39,-82,-38,45,29,-15,-72,-13,80,
56,65,38,-19,16,35,56,-49,19,79,83,100,38,-3,24,87,-25,52,-21,-18,77,-64,70,-80,-29,
13,-63,-81,-58,-25,-53,15,66,4,50,49,22,-9,52,55,-7,47,-32,86,12,34,-18,-17,75,-36,
-47,-75,-12,-40,-56,-52,3,-44,-30,-34,-28,25,71,-21,37,4,-38,71,27,-40,-70,97,-36,-21,95,
-21,83,92,-35,-93,-15,-48,-85,-93,-77,47,-52,8,-80,-22,51,-48,62,51,80,36,24,-12,-19,-63,
-16,-17,-26,-58,-83,-7,-60,29,73,21,-86,-91,-72,0,-64,-60,-75,-97,61,-30,77,-30,10,47,-45,
-84,-50,21,-69,-7,-21,-1,-55,-30,-30,-28,39,-58,-56,-41,99,95,-29,-13,90,-51,22,100,64,-45,
-25,-44,79,-19,27,10,-65,-86,22,-76,-41,21,74,19,60,14,-4,79,61,42,97,81,3,67,-14,
-25,-3,-98,82,-75,-40,13,1,39,-55,-22,-80,-52,24,-1,32,-64,-4,-59,61,-21,69,-43,77,35,
64,-92,-28,88,8,-62,-42,-36,-53,-67,-34,85,-64,-51,82,91,-100,-75,60,-68,-22,93,-6,-54,-40,
-79,-56,-44,74,-55,46,68,-65,33,88,5,83,-34,35,26,5,41,-89,71,39,79,-44,-13,-91,-98,
95,60,-88,-52,2,-97,-13,-87,-31,49,63,80,81,9,30,-86,98,-79,42,30,-6,23,0,71,-45,
-88,-11,98,-69,9,-42,9,99,-68,-97,-16,-78,34,-80,65,2,-24,56,-90,51,95,-68,-22,11,-30,
-47,-61,40,-70,-4,-71,48,-32,-86,-74,-56,-51,27,-96,-9,-70,-27,-37,19,16,40,34,10,29,55,
77,-77,-6,-68,0,-51,49,-29,51,-26,83,62,5,-60,-63,94,16,95,18,42,-75,11,96,16,-39,
-92,63,47,36,38,-65,-80,-14,-50,-58,-63,-80,21,-22,-64,-70,86,36,-44,42,-71,50,-7,-51,61,
