﻿<?xml version="1.0" encoding="utf-8"?>
<xliff version='1.2'>
	<file original='multilangs.py' source-language='en' target-language='en' datatype='plaintext'>
	<body>
		<trans-unit id='input_name'>
			<source>Please enter your name</source>
			<target>Please enter your name</target>
		</trans-unit>
		<trans-unit id='hi'>
			<source>Hello,</source>
			<target>Hello,</target>
		</trans-unit>
		<trans-unit id='today_is'>
			<source>Today is</source>
			<target>Today is</target>
		</trans-unit>
		<trans-unit id='time_now'>
			<source>The time now is</source>
			<target>The time now is</target>
		</trans-unit>
	</body>
	</file>
</xliff>
