﻿<?xml version="1.0" encoding="utf-8"?>
<xliff version='1.2'>
	<file original='multilangs.py' source-language='en' target-language='it' datatype='plaintext'>
	<body>
		<trans-unit id='input_name'>
			<source>Please enter your name</source>
			<target>Il vostro nome per favore</target>
		</trans-unit>
		<trans-unit id='hi'>
			<source>Hello,</source>
			<target>Ciao,</target>
		</trans-unit>
		<trans-unit id='today_is'>
			<source>Today is</source>
			<target>Oggi è</target>
		</trans-unit>
		<trans-unit id='time_now'>
			<source>The time now is</source>
			<target>Sono le</target>
		</trans-unit>
	</body>
	</file>
</xliff>
